date,0,1,2,3,4,5,6,7,8,9,10
2017-03-03,0.06190093,0.16826418,0.06190093,0.06190093,0.06190093,0.06190093,0.06190093,0.06190093,0.16826418,0.16826418,0.06190093
2017-03-06,0.067076154,0.1823319,0.067076154,0.067076154,0.067076154,0.09872699,0.067076154,0.067076154,0.1823319,0.067076154,0.067076154
2017-03-07,0.070857376,0.13539967,0.07760926,0.070857376,0.070857376,0.098379135,0.070857376,0.070857376,0.19261032,0.070857376,0.070857376
2017-03-08,0.057015955,0.15498544,0.126279,0.057015955,0.057015955,0.057015955,0.057015955,0.108654074,0.15498544,0.11300033,0.057015955
2017-03-09,0.059478004,0.06351879,0.16167799,0.059478004,0.059478004,0.059478004,0.09457933,0.16167799,0.16167799,0.059478004,0.059478004
2017-03-10,0.05365098,0.05365098,0.1458385,0.05365098,0.05365098,0.08693288,0.1458385,0.1458385,0.1458385,0.05365098,0.0614582
2017-03-13,0.059910797,0.059910797,0.16285443,0.059910797,0.059910797,0.059910797,0.16285443,0.06543243,0.16285443,0.059910797,0.0865395
2017-03-14,0.049275775,0.049275775,0.13394545,0.06853061,0.049275775,0.13394545,0.13394545,0.13394545,0.13394545,0.049275775,0.06463906
2017-03-15,0.05104278,0.05104278,0.13874866,0.05104278,0.05104278,0.05104278,0.13874866,0.13874866,0.13874866,0.05104278,0.13874866
2017-03-16,0.04766498,0.04766498,0.12956686,0.04766498,0.04766498,0.12956686,0.12956686,0.12956686,0.12956686,0.04766498,0.113840796
2017-03-17,0.053469647,0.053469647,0.14534557,0.0751523,0.053469647,0.053469647,0.14534557,0.076117165,0.14534557,0.053469647,0.14534557
2017-03-20,0.04572419,0.04572419,0.12429124,0.12429124,0.04572419,0.12429124,0.10216709,0.12429124,0.12429124,0.04572419,0.093479924
2017-03-21,0.052021652,0.052021652,0.14140952,0.108394586,0.052021652,0.07018052,0.095854975,0.13519041,0.14140952,0.052021652,0.099473886
2017-03-22,0.050314102,0.050314102,0.13676792,0.13676792,0.050314102,0.050314102,0.08152311,0.13676792,0.13676792,0.06862709,0.10152162
2017-03-23,0.044837464,0.044837464,0.12188087,0.08936484,0.12188087,0.12188087,0.044837464,0.12188087,0.12188087,0.044837464,0.12188087
2017-03-24,0.04342544,0.04342544,0.118042596,0.04342544,0.118042596,0.118042596,0.118042596,0.118042596,0.118042596,0.04342544,0.118042596
2017-03-27,0.050446957,0.044031963,0.11969129,0.06538035,0.11969129,0.11969129,0.11969129,0.11969129,0.08728969,0.044031963,0.11036269
2017-03-28,0.050664607,0.050664607,0.07342576,0.050664607,0.13772069,0.13772069,0.11839201,0.13772069,0.050664607,0.05464103,0.13772069
2017-03-29,0.046927,0.046927,0.12756082,0.046927,0.12756082,0.12756082,0.12756082,0.12756082,0.046927,0.046927,0.12756082
2017-03-30,0.049349077,0.049349077,0.082531095,0.049349077,0.13414471,0.13414471,0.13414471,0.13414471,0.049349077,0.049349077,0.13414471
2017-03-31,0.048488293,0.048488293,0.11778189,0.048488293,0.13180485,0.13180485,0.112557195,0.13180485,0.048488293,0.048488293,0.13180485
2017-04-03,0.046927,0.046927,0.12756082,0.046927,0.12756082,0.12756082,0.046927,0.12756082,0.046927,0.12756082,0.12756082
2017-04-04,0.052803118,0.052803118,0.10667287,0.052803118,0.14353377,0.055176504,0.14353377,0.14353377,0.052803118,0.052803118,0.14353377
2017-04-05,0.04799244,0.04799244,0.04799244,0.04799244,0.13045698,0.13045698,0.1077528,0.13045698,0.04799244,0.13045698,0.13045698
2017-04-06,0.05104278,0.05104278,0.13874866,0.05104278,0.13874866,0.13874866,0.05104278,0.13874866,0.05104278,0.05104278,0.13874866
2017-04-07,0.046927,0.046927,0.12756082,0.046927,0.12756082,0.12756082,0.12756082,0.12756082,0.046927,0.046927,0.12756082
2017-04-10,0.050123587,0.050123587,0.050123587,0.050123587,0.13625003,0.13625003,0.13625003,0.13625003,0.050123587,0.06813179,0.13625003
2017-04-11,0.049570825,0.049570825,0.13474748,0.049570825,0.13474748,0.13474748,0.078408465,0.13474748,0.049570825,0.049570825,0.13474748
2017-04-12,0.05139538,0.05139538,0.06631289,0.05139538,0.13970713,0.13970713,0.11788164,0.13970713,0.05139538,0.05139538,0.13970713
2017-04-13,0.050964482,0.050964482,0.082804404,0.050964482,0.13853584,0.10822983,0.13853584,0.13853584,0.050964482,0.050964482,0.13853584
2017-04-17,0.046927,0.046927,0.12756082,0.046927,0.12756082,0.12756082,0.12756082,0.12756082,0.046927,0.046927,0.12756082
2017-04-18,0.052168764,0.052168764,0.052168764,0.052168764,0.14180942,0.14180942,0.119749695,0.14180942,0.052168764,0.052168764,0.14180942
2017-04-19,0.046927,0.046927,0.12756082,0.046927,0.12756082,0.12756082,0.12756082,0.12756082,0.046927,0.046927,0.12756082
2017-04-20,0.05440033,0.05440033,0.05440033,0.05440033,0.14787543,0.14787543,0.08209631,0.14787543,0.05440033,0.05440033,0.14787543
2017-04-21,0.046927,0.046927,0.12756082,0.046927,0.12756082,0.12756082,0.12756082,0.12756082,0.046927,0.046927,0.12756082
2017-04-24,0.053703506,0.053703506,0.061188348,0.053703506,0.14598127,0.14598127,0.086369015,0.14598127,0.053703506,0.053703506,0.14598127
2017-04-25,0.05104278,0.05104278,0.13874866,0.05104278,0.13874866,0.13874866,0.05104278,0.13874866,0.05104278,0.05104278,0.13874866
2017-04-26,0.04779625,0.04779625,0.12992369,0.04779625,0.12992369,0.12992369,0.11140033,0.12992369,0.04779625,0.04779625,0.12992369
2017-04-27,0.046927,0.046927,0.12756082,0.046927,0.12756082,0.12756082,0.046927,0.12756082,0.046927,0.12756082,0.12756082
2017-04-28,0.05854531,0.05854531,0.05854531,0.05854531,0.15914266,0.05854531,0.112754814,0.15914266,0.05854531,0.05854531,0.15914266
2017-05-01,0.05076792,0.05076792,0.05076792,0.05076792,0.13800153,0.13800153,0.13665836,0.13800153,0.05749597,0.05076792,0.13800153
2017-05-02,0.048632506,0.048632506,0.09585306,0.048632506,0.13219687,0.13219687,0.13219687,0.13219687,0.048632506,0.048632506,0.13219687
2017-05-03,0.046927,0.046927,0.12756082,0.046927,0.12756082,0.12756082,0.12756082,0.12756082,0.046927,0.046927,0.12756082
2017-05-04,0.053056855,0.053056855,0.053056855,0.053056855,0.1442235,0.1442235,0.10476484,0.1442235,0.053056855,0.053056855,0.1442235
2017-05-05,0.048740342,0.048740342,0.13249,0.048740342,0.13249,0.13249,0.048740342,0.13249,0.048740342,0.09384835,0.13249
2017-05-08,0.05313799,0.05313799,0.063895434,0.05313799,0.14444405,0.14444405,0.09263836,0.14444405,0.05313799,0.05313799,0.14444405
2017-05-09,0.049557343,0.049557343,0.13471083,0.049557343,0.13471083,0.13471083,0.07865903,0.13471083,0.049557343,0.049557343,0.13471083
2017-05-10,0.049888022,0.049888022,0.07251122,0.049888022,0.13560972,0.13560972,0.049888022,0.13560972,0.049888022,0.13560972,0.13560972
2017-05-11,0.05042005,0.05042005,0.06262009,0.05042005,0.13705592,0.13705592,0.13705592,0.13705592,0.05042005,0.05042005,0.13705592
2017-05-12,0.044830337,0.044830337,0.121861495,0.044830337,0.121861495,0.121861495,0.0895096,0.121861495,0.044830337,0.121861495,0.121861495
2017-05-15,0.05018898,0.05018898,0.05018898,0.05018898,0.1364278,0.1364278,0.066916026,0.1364278,0.05018898,0.1364278,0.1364278
2017-05-16,0.05450062,0.05333235,0.05333235,0.05333235,0.14497237,0.14497237,0.05333235,0.14497237,0.05333235,0.09894807,0.14497237
2017-05-17,0.048196815,0.048196815,0.13101253,0.048196815,0.13101253,0.13101253,0.08971496,0.13101253,0.048196815,0.062435053,0.13101253
2017-05-18,0.04414613,0.04414613,0.12000164,0.04414613,0.12000164,0.12000164,0.10340558,0.12000164,0.04414613,0.12000164,0.12000164
2017-05-19,0.05104278,0.05104278,0.05104278,0.05104278,0.13874866,0.13874866,0.13874866,0.13874866,0.05104278,0.05104278,0.13874866
2017-05-22,0.047051355,0.047051355,0.12789886,0.047051355,0.12789886,0.12789886,0.12524891,0.12789886,0.047051355,0.047051355,0.12789886
2017-05-23,0.053473048,0.053473048,0.053473048,0.053473048,0.14535482,0.14535482,0.09774242,0.14535482,0.053473048,0.053473048,0.14535482
2017-05-24,0.04862934,0.04862934,0.04862934,0.04862934,0.13218826,0.13218826,0.13218826,0.09591195,0.04862934,0.13218826,0.13218826
2017-05-25,0.046927,0.046927,0.12756082,0.046927,0.12756082,0.12756082,0.046927,0.12756082,0.046927,0.12756082,0.12756082
2017-05-26,0.051042773,0.051042773,0.051042773,0.051042773,0.13874866,0.13874866,0.051042773,0.13874866,0.051042773,0.13874866,0.13874866
2017-05-30,0.05561414,0.05561414,0.06161544,0.05561414,0.15117492,0.15117492,0.05561414,0.15117492,0.05561414,0.05561414,0.15117492
2017-05-31,0.057195734,0.057195734,0.057195734,0.057195734,0.15547413,0.15547413,0.07342555,0.11697765,0.057195734,0.057195734,0.15547413
2017-06-01,0.050398793,0.050398793,0.13699813,0.050398793,0.13699813,0.13699813,0.06301532,0.13699813,0.050398793,0.050398793,0.13699813
2017-06-02,0.047854237,0.047854237,0.13008131,0.047854237,0.13008131,0.11032232,0.13008131,0.13008131,0.047854237,0.047854237,0.13008131
2017-06-05,0.049073566,0.049073566,0.13339579,0.049073566,0.13339579,0.13339579,0.087653264,0.13339579,0.049073566,0.049073566,0.13339579
2017-06-06,0.048711896,0.048711896,0.048711896,0.048711896,0.13241267,0.13241267,0.13241267,0.0913232,0.051765833,0.13241267,0.13241267
2017-06-07,0.046927,0.046927,0.12756082,0.046927,0.12756082,0.12756082,0.046927,0.12756082,0.046927,0.12756082,0.12756082
2017-06-08,0.04769138,0.04769138,0.11335003,0.04769138,0.12963861,0.12963861,0.12963861,0.12963861,0.04769138,0.04769138,0.12963861
2017-06-09,0.059956267,0.059956267,0.07251401,0.059956267,0.16297804,0.059956267,0.0788142,0.16297804,0.059956267,0.059956267,0.16297804
2017-06-12,0.048001915,0.048001915,0.048001915,0.048001915,0.13048273,0.13048273,0.107576646,0.13048273,0.048001915,0.13048273,0.13048273
2017-06-13,0.04786842,0.04786842,0.13011986,0.04786842,0.13011986,0.13011986,0.11005858,0.13011986,0.04786842,0.04786842,0.13011986
2017-06-14,0.05104278,0.05104278,0.13874866,0.05104278,0.13874866,0.13874866,0.05104278,0.13874866,0.05104278,0.05104278,0.13874866
2017-06-15,0.048306797,0.048306797,0.101908535,0.048306797,0.13131149,0.13131149,0.13131149,0.13131149,0.048306797,0.048306797,0.13131149
2017-06-16,0.04859882,0.04859882,0.09647944,0.04859882,0.13210529,0.13210529,0.13210529,0.13210529,0.04859882,0.04859882,0.13210529
2017-06-19,0.044546507,0.044546507,0.12108997,0.044546507,0.12108997,0.12108997,0.09527409,0.12108997,0.044546507,0.12108997,0.12108997
2017-06-20,0.04342544,0.04342544,0.118042596,0.04342544,0.118042596,0.118042596,0.118042596,0.118042596,0.04342544,0.118042596,0.118042596
2017-06-21,0.044297274,0.044297274,0.120412484,0.044297274,0.120412484,0.120412484,0.116736524,0.120412484,0.044297274,0.104011916,0.120412484
2017-06-22,0.047371402,0.047371402,0.047371402,0.047371402,0.12876883,0.12876883,0.119298816,0.12876883,0.047371402,0.12876883,0.12876883
2017-06-23,0.0521893,0.0521893,0.14186524,0.0521893,0.14186524,0.14186524,0.10494425,0.06664823,0.0521893,0.0521893,0.14186524
2017-06-26,0.05315174,0.05315174,0.08059821,0.05315174,0.14448142,0.14448142,0.07571733,0.14448142,0.05315174,0.05315174,0.14448142
2017-06-27,0.046927,0.046927,0.12756082,0.046927,0.12756082,0.12756082,0.12756082,0.12756082,0.046927,0.046927,0.12756082
2017-06-28,0.049118634,0.049118634,0.086815186,0.049118634,0.13351831,0.13351831,0.049118634,0.13351831,0.049118634,0.13351831,0.13351831
2017-06-29,0.07213696,0.053577807,0.053577807,0.053577807,0.14563958,0.14563958,0.07741561,0.14563958,0.053577807,0.053577807,0.14563958
2017-06-30,0.04945484,0.04945484,0.110631995,0.04945484,0.13443221,0.07770347,0.07611631,0.13443221,0.04945484,0.13443221,0.13443221
2017-07-03,0.052670356,0.052670356,0.14317288,0.052670356,0.14317288,0.14317288,0.10508299,0.058873676,0.052670356,0.052670356,0.14317288
2017-07-05,0.050818283,0.050818283,0.13813843,0.050818283,0.13813843,0.13813843,0.13813843,0.05521641,0.050818283,0.050818283,0.13813843
2017-07-06,0.046927,0.046927,0.12756082,0.046927,0.12756082,0.12756082,0.12756082,0.12756082,0.046927,0.046927,0.12756082
2017-07-07,0.0456233,0.0456233,0.12401699,0.0456233,0.12401699,0.12401699,0.07340482,0.12401699,0.0456233,0.12401699,0.12401699
2017-07-10,0.061208762,0.061208762,0.061208762,0.061208762,0.16638267,0.065249644,0.068349704,0.16638267,0.061208762,0.061208762,0.16638267
2017-07-11,0.047454484,0.047454484,0.12899467,0.047454484,0.12899467,0.12899467,0.11775422,0.12899467,0.047454484,0.047454484,0.12899467
2017-07-12,0.04611647,0.04611647,0.12535757,0.04611647,0.12535757,0.12535757,0.12535757,0.12535757,0.04611647,0.06338867,0.12535757
2017-07-13,0.050932966,0.050932966,0.13845016,0.050932966,0.13845016,0.13845016,0.053084306,0.13845016,0.050932966,0.050932966,0.13845016
2017-07-14,0.046927,0.046927,0.12756082,0.046927,0.12756082,0.12756082,0.12756082,0.12756082,0.046927,0.046927,0.12756082
2017-07-17,0.050582748,0.050582748,0.13749817,0.050582748,0.13749817,0.13749817,0.059595387,0.13749817,0.050582748,0.050582748,0.13749817
2017-07-18,0.047366746,0.047366746,0.047366746,0.047366746,0.12875617,0.12875617,0.119385384,0.12875617,0.047366746,0.12875617,0.12875617
2017-07-19,0.04964657,0.04964657,0.13495338,0.04964657,0.13495338,0.13495338,0.077000156,0.13495338,0.04964657,0.04964657,0.13495338
2017-07-20,0.05897448,0.046688255,0.12691185,0.046688255,0.12691185,0.12691185,0.101201616,0.12691185,0.046688255,0.06519986,0.12691185
2017-07-21,0.049719963,0.049719963,0.08776763,0.049719963,0.13515288,0.13515288,0.12302103,0.13515288,0.049719963,0.049719963,0.13515288
2017-07-24,0.05686519,0.05686519,0.05686519,0.05686519,0.15457562,0.15457562,0.075154334,0.11992764,0.05686519,0.05686519,0.15457562
2017-07-25,0.046927,0.046927,0.12756082,0.046927,0.12756082,0.12756082,0.12756082,0.12756082,0.046927,0.046927,0.12756082
2017-07-26,0.04342544,0.04342544,0.118042596,0.04342544,0.118042596,0.118042596,0.118042596,0.118042596,0.04342544,0.118042596,0.118042596
2017-07-27,0.05434783,0.05434783,0.05434783,0.05434783,0.14773273,0.13185255,0.098862246,0.14773273,0.05434783,0.05434783,0.14773273
2017-07-28,0.048412934,0.048412934,0.1316,0.048412934,0.1316,0.1316,0.099935256,0.1316,0.048412934,0.048412934,0.1316
2017-07-31,0.053395957,0.053395957,0.087235525,0.053395957,0.14514527,0.14514527,0.06520361,0.14514527,0.053395957,0.053395957,0.14514527
2017-08-01,0.046927,0.046927,0.12756082,0.046927,0.12756082,0.12756082,0.12756082,0.12756082,0.046927,0.046927,0.12756082
2017-08-02,0.05594991,0.05594991,0.05594991,0.05594991,0.15208764,0.15208764,0.05594991,0.15208764,0.05594991,0.05594991,0.15208764
2017-08-03,0.04840099,0.04840099,0.13156754,0.04840099,0.13156754,0.13156754,0.100157306,0.13156754,0.04840099,0.04840099,0.13156754
2017-08-04,0.05730369,0.05730369,0.05730369,0.05730369,0.15576757,0.15576757,0.08697329,0.101901785,0.05730369,0.05730369,0.15576757
2017-08-07,0.046948954,0.046948954,0.103256114,0.046948954,0.1276205,0.1276205,0.070845515,0.1276205,0.046948954,0.1276205,0.1276205
2017-08-08,0.04452664,0.04452664,0.12103596,0.04452664,0.12103596,0.12103596,0.09567768,0.12103596,0.04452664,0.12103596,0.12103596
2017-08-09,0.051071636,0.051071636,0.12005166,0.051071636,0.13882712,0.13882712,0.06928165,0.13882712,0.051071636,0.051071636,0.13882712
2017-08-10,0.055598892,0.055598892,0.15113346,0.055598892,0.15113346,0.055598892,0.061872803,0.15113346,0.055598892,0.055598892,0.15113346
2017-08-11,0.04342544,0.04342544,0.118042596,0.04342544,0.118042596,0.118042596,0.118042596,0.118042596,0.04342544,0.118042596,0.118042596
2017-08-14,0.052616764,0.052616764,0.0842528,0.052616764,0.1430272,0.1430272,0.08055458,0.1430272,0.052616764,0.052616764,0.1430272
2017-08-15,0.046884347,0.046884347,0.053583957,0.046884347,0.12744488,0.12744488,0.12165423,0.12744488,0.046884347,0.12744488,0.12744488
2017-08-16,0.046927,0.046927,0.12756082,0.046927,0.12756082,0.12756082,0.12756082,0.12756082,0.046927,0.046927,0.12756082
2017-08-17,0.053458955,0.046605386,0.12668659,0.046605386,0.12668659,0.12668659,0.12668659,0.12668659,0.046605386,0.046605386,0.12668659
2017-08-18,0.05104278,0.05104278,0.13874866,0.05104278,0.13874866,0.13874866,0.05104278,0.13874866,0.05104278,0.05104278,0.13874866
2017-08-21,0.049369477,0.049369477,0.13420016,0.049369477,0.13420016,0.13420016,0.082151815,0.13420016,0.049369477,0.049369477,0.13420016
2017-08-22,0.04926458,0.04926458,0.13391502,0.04926458,0.13391502,0.13391502,0.084102035,0.13391502,0.04926458,0.04926458,0.13391502
2017-08-23,0.04342544,0.04342544,0.118042596,0.04342544,0.118042596,0.118042596,0.118042596,0.118042596,0.04342544,0.118042596,0.118042596
2017-08-24,0.056198195,0.047074374,0.12796141,0.047074374,0.12796141,0.12796141,0.07106656,0.12796141,0.047074374,0.091704994,0.12796141
2017-08-25,0.046927,0.046927,0.12756082,0.046927,0.12756082,0.12756082,0.12756082,0.12756082,0.046927,0.046927,0.12756082
2017-08-28,0.047430977,0.047430977,0.12893078,0.047430977,0.12893078,0.10303302,0.06258919,0.12893078,0.047430977,0.12893078,0.12893078
2017-08-29,0.055683594,0.055683594,0.055683594,0.055683594,0.15136372,0.15136372,0.060443535,0.15136372,0.055683594,0.055683594,0.15136372
2017-08-30,0.04342544,0.04342544,0.118042596,0.04342544,0.118042596,0.118042596,0.118042596,0.118042596,0.04342544,0.118042596,0.118042596
2017-08-31,0.04840066,0.04840066,0.07989366,0.04840066,0.13156664,0.13156664,0.06867044,0.13156664,0.04840066,0.13156664,0.13156664
2017-09-01,0.05236113,0.04963221,0.13491434,0.04963221,0.13491434,0.13491434,0.04963221,0.13491434,0.04963221,0.074538276,0.13491434
2017-09-05,0.05104278,0.05104278,0.13874866,0.05104278,0.13874866,0.13874866,0.05104278,0.13874866,0.05104278,0.05104278,0.13874866
2017-09-06,0.048321694,0.048321694,0.13135199,0.048321694,0.13135199,0.13135199,0.10163157,0.13135199,0.048321694,0.048321694,0.13135199
2017-09-07,0.048751663,0.048751663,0.13252077,0.048751663,0.13252077,0.13252077,0.09363777,0.13252077,0.048751663,0.048751663,0.13252077
2017-09-08,0.047785055,0.047785055,0.07895112,0.047785055,0.12989324,0.12989324,0.080442354,0.12989324,0.047785055,0.12989324,0.12989324
2017-09-11,0.073750935,0.05130468,0.05130468,0.05130468,0.13946058,0.13946058,0.11188328,0.13946058,0.05130468,0.05130468,0.13946058
2017-09-12,0.04484374,0.04484374,0.121897936,0.04484374,0.121897936,0.121897936,0.121897936,0.121897936,0.04484374,0.08923743,0.121897936
2017-09-13,0.047202893,0.047202893,0.12831077,0.047202893,0.12831077,0.12831077,0.12243166,0.12831077,0.047202893,0.047202893,0.12831077
2017-09-14,0.049582288,0.049582288,0.09548638,0.049582288,0.13477863,0.13477863,0.117487624,0.13477863,0.049582288,0.049582288,0.13477863
2017-09-15,0.05353408,0.05353408,0.09671261,0.05353408,0.14552073,0.14552073,0.05353408,0.14552073,0.05353408,0.05353408,0.14552073
2017-09-18,0.048912622,0.048912622,0.13295831,0.048912622,0.13295831,0.13295831,0.09064541,0.13295831,0.048912622,0.048912622,0.13295831
2017-09-19,0.045254357,0.045254357,0.080897965,0.045254357,0.1230141,0.1230141,0.1230141,0.1230141,0.045254357,0.1230141,0.1230141
2017-09-20,0.05296841,0.05296841,0.05296841,0.05296841,0.14398308,0.106257156,0.14398308,0.14398308,0.05296841,0.05296841,0.14398308
2017-09-21,0.050093062,0.050093062,0.13616706,0.050093062,0.13616706,0.13616706,0.06816351,0.13616706,0.050093062,0.05062899,0.13616706
2017-09-22,0.05496612,0.05496612,0.05496612,0.05496612,0.1494134,0.1494134,0.07254958,0.1494134,0.05496612,0.05496612,0.1494134
2017-09-25,0.046927,0.046927,0.12756082,0.046927,0.12756082,0.12756082,0.12756082,0.12756082,0.046927,0.046927,0.12756082
2017-09-26,0.048758063,0.048758063,0.13253817,0.048758063,0.13253817,0.13253817,0.09351876,0.13253817,0.048758063,0.048758063,0.13253817
2017-09-27,0.048357736,0.048357736,0.13144997,0.048357736,0.13144997,0.062437356,0.08688188,0.13144997,0.048357736,0.13144997,0.13144997
2017-09-28,0.047598075,0.047598075,0.129385,0.047598075,0.129385,0.129385,0.115084656,0.129385,0.047598075,0.047598075,0.129385
2017-09-29,0.046056613,0.046056613,0.12519486,0.046056613,0.12519486,0.12519486,0.12519486,0.12519486,0.06460435,0.046056613,0.12519486
2017-10-02,0.05104278,0.05104278,0.13874866,0.05104278,0.13874866,0.13874866,0.05104278,0.13874866,0.05104278,0.05104278,0.13874866
2017-10-03,0.05104278,0.05104278,0.05104278,0.05104278,0.13874866,0.13874866,0.13874866,0.13874866,0.05104278,0.05104278,0.13874866
2017-10-04,0.052433755,0.052433755,0.052433755,0.052433755,0.14252973,0.14252973,0.07217454,0.14252973,0.052433755,0.095537744,0.14252973
2017-10-05,0.049872898,0.049872898,0.06679087,0.049872898,0.1355686,0.1355686,0.1355686,0.1355686,0.049872898,0.055874508,0.1355686
2017-10-06,0.0483398,0.0483398,0.111414514,0.0483398,0.13140121,0.13140121,0.12128163,0.13140121,0.0483398,0.0483398,0.13140121
2017-10-09,0.051916976,0.051916976,0.05481599,0.051916976,0.14112498,0.14112498,0.12109911,0.14112498,0.051916976,0.051916976,0.14112498
2017-10-10,0.050357018,0.050357018,0.06379198,0.050357018,0.13688457,0.13688457,0.13688457,0.13688457,0.050357018,0.050357018,0.13688457
2017-10-11,0.048354883,0.048354883,0.101014555,0.048354883,0.1314422,0.1314422,0.1314422,0.1314422,0.048354883,0.048354883,0.1314422
2017-10-12,0.046927,0.046927,0.12756082,0.046927,0.12756082,0.12756082,0.12756082,0.12756082,0.046927,0.046927,0.12756082
2017-10-13,0.048541233,0.048541233,0.048541233,0.048541233,0.13194877,0.13194877,0.13194877,0.13194877,0.097549945,0.048541233,0.13194877
2017-10-16,0.04342544,0.04342544,0.118042596,0.04342544,0.118042596,0.118042596,0.118042596,0.118042596,0.04342544,0.118042596,0.118042596
2017-10-17,0.05594991,0.05594991,0.05594991,0.05594991,0.15208764,0.05594991,0.15208764,0.15208764,0.05594991,0.05594991,0.15208764
2017-10-18,0.044101816,0.044101816,0.119881175,0.044101816,0.119881175,0.119881175,0.119881175,0.119881175,0.044101816,0.10430563,0.119881175
2017-10-19,0.046927,0.046927,0.12756082,0.046927,0.12756082,0.12756082,0.046927,0.12756082,0.046927,0.12756082,0.12756082
2017-10-20,0.049105678,0.049105678,0.13348308,0.049105678,0.13348308,0.08705617,0.13348308,0.13348308,0.049105678,0.049105678,0.13348308
2017-10-23,0.05104278,0.05104278,0.13874866,0.05104278,0.13874866,0.13874866,0.05104278,0.13874866,0.05104278,0.05104278,0.13874866
2017-10-24,0.050610296,0.050610296,0.13757306,0.050610296,0.13757306,0.13757306,0.05908315,0.13757306,0.050610296,0.050610296,0.13757306
2017-10-25,0.04855897,0.04855897,0.0769667,0.04855897,0.13199697,0.13199697,0.06881254,0.13199697,0.04855897,0.13199697,0.13199697
2017-10-26,0.0499305,0.0499305,0.13572519,0.0499305,0.13572519,0.13572519,0.071721464,0.13572519,0.0499305,0.0499305,0.13572519
2017-10-27,0.050505657,0.050505657,0.13728862,0.050505657,0.13728862,0.13728862,0.060883682,0.13728862,0.050650563,0.050505657,0.13728862
2017-10-30,0.05104278,0.05104278,0.13874866,0.05104278,0.13874866,0.13874866,0.05104278,0.13874866,0.05104278,0.05104278,0.13874866
2017-10-31,0.046927,0.046927,0.12756082,0.046927,0.12756082,0.12756082,0.12756082,0.12756082,0.046927,0.046927,0.12756082
2017-11-01,0.051667567,0.051667567,0.14044702,0.051667567,0.14044702,0.12820657,0.051667567,0.14044702,0.051667567,0.051667567,0.14044702
2017-11-02,0.05505705,0.05505705,0.05505705,0.05505705,0.14966057,0.14966057,0.07101539,0.14966057,0.05505705,0.05505705,0.14966057
2017-11-03,0.04792872,0.04792872,0.04792872,0.04792872,0.13028377,0.13028377,0.10893749,0.13028377,0.04792872,0.13028377,0.13028377
2017-11-06,0.04342544,0.04342544,0.118042596,0.04342544,0.118042596,0.118042596,0.118042596,0.118042596,0.04342544,0.118042596,0.118042596
2017-11-07,0.046927,0.046927,0.12756082,0.046927,0.12756082,0.12756082,0.046927,0.12756082,0.046927,0.12756082,0.12756082
2017-11-08,0.05104278,0.05104278,0.05104278,0.05104278,0.13874866,0.13874866,0.13874866,0.13874866,0.05104278,0.05104278,0.13874866
2017-11-09,0.048376527,0.048376527,0.13150103,0.048376527,0.13150103,0.13150103,0.10061222,0.13150103,0.048376527,0.048376527,0.13150103
2017-11-10,0.047917385,0.047917385,0.13025296,0.047917385,0.13025296,0.13025296,0.10914818,0.13025296,0.047917385,0.047917385,0.13025296
2017-11-13,0.046927,0.046927,0.12756082,0.046927,0.12756082,0.12756082,0.12756082,0.12756082,0.046927,0.046927,0.12756082
2017-11-14,0.045314606,0.045314606,0.12317788,0.045314606,0.12317788,0.12317788,0.07967429,0.12317788,0.045314606,0.12317788,0.12317788
2017-11-15,0.05104278,0.05104278,0.05104278,0.05104278,0.13874866,0.13874866,0.13874866,0.13874866,0.05104278,0.05104278,0.13874866
2017-11-16,0.045338478,0.045338478,0.12324277,0.045338478,0.12324277,0.12324277,0.079189464,0.12324277,0.045338478,0.12324277,0.12324277
2017-11-17,0.043659035,0.043659035,0.11867757,0.043659035,0.11867757,0.11867757,0.11329839,0.11867757,0.043659035,0.11867757,0.11867757
2017-11-20,0.049875386,0.049875386,0.13557535,0.049875386,0.13557535,0.13557535,0.0727462,0.13557535,0.049875386,0.049875386,0.13557535
2017-11-21,0.05594991,0.05594991,0.15208764,0.05594991,0.15208764,0.05594991,0.05594991,0.15208764,0.05594991,0.05594991,0.15208764
2017-11-22,0.050878834,0.050878834,0.13830301,0.050878834,0.13830301,0.054090694,0.13830301,0.13830301,0.050878834,0.050878834,0.13830301
2017-11-24,0.049797483,0.049797483,0.07419461,0.049797483,0.1353636,0.1353636,0.1353636,0.1353636,0.049797483,0.049797483,0.1353636
2017-11-27,0.044501483,0.044501483,0.12096758,0.044501483,0.12096758,0.12096758,0.12096758,0.12096758,0.044501483,0.09618859,0.12096758
2017-11-28,0.047636647,0.047636647,0.047636647,0.047636647,0.12948984,0.12948984,0.11436752,0.12948984,0.047636647,0.12948984,0.12948984
2017-11-29,0.04342544,0.04342544,0.118042596,0.04342544,0.118042596,0.118042596,0.118042596,0.118042596,0.04342544,0.118042596,0.118042596
2017-11-30,0.048650492,0.048650492,0.13224575,0.048650492,0.13224575,0.13224575,0.09551883,0.13224575,0.048650492,0.048650492,0.13224575
2017-12-01,0.04342544,0.04342544,0.118042596,0.04342544,0.118042596,0.118042596,0.118042596,0.118042596,0.04342544,0.118042596,0.118042596
2017-12-04,0.05104278,0.05104278,0.13874866,0.05104278,0.13874866,0.13874866,0.05104278,0.13874866,0.05104278,0.05104278,0.13874866
2017-12-05,0.046927,0.046927,0.12756082,0.046927,0.12756082,0.12756082,0.046927,0.12756082,0.046927,0.12756082,0.12756082
2017-12-06,0.050703526,0.050703526,0.13782649,0.050703526,0.13782649,0.13782649,0.057349995,0.13782649,0.050703526,0.050703526,0.13782649
2017-12-07,0.05095696,0.05095696,0.05263817,0.05095696,0.13851538,0.13851538,0.05095696,0.13851538,0.05095696,0.13851538,0.13851538
2017-12-08,0.047285307,0.047285307,0.120899394,0.047285307,0.1285348,0.1285348,0.1285348,0.1285348,0.047285307,0.047285307,0.1285348
2017-12-11,0.04740222,0.04740222,0.1288526,0.04740222,0.1288526,0.1288526,0.056037202,0.1288526,0.04740222,0.11009093,0.1288526
2017-12-12,0.047907073,0.047907073,0.13022493,0.047907073,0.13022493,0.10558079,0.053694904,0.13022493,0.047907073,0.12819628,0.13022493
2017-12-13,0.05556341,0.05556341,0.05556341,0.05556341,0.15103702,0.15103702,0.05556341,0.15103702,0.062471498,0.05556341,0.15103702
2017-12-14,0.05049693,0.05049693,0.13726489,0.05049693,0.13726489,0.13726489,0.05049693,0.13726489,0.05049693,0.06119086,0.13726489
2017-12-15,0.046927,0.046927,0.12756082,0.046927,0.12756082,0.12756082,0.12756082,0.12756082,0.046927,0.046927,0.12756082
2017-12-18,0.04342544,0.04342544,0.118042596,0.04342544,0.118042596,0.118042596,0.118042596,0.118042596,0.04342544,0.118042596,0.118042596
2017-12-19,0.05594991,0.05594991,0.05594991,0.05594991,0.15208764,0.15208764,0.05594991,0.15208764,0.05594991,0.05594991,0.15208764
2017-12-20,0.058465548,0.058465548,0.058465548,0.058465548,0.15892585,0.058465548,0.11396365,0.15892585,0.058465548,0.058465548,0.15892585
2017-12-21,0.06916703,0.045831956,0.124584176,0.045831956,0.124584176,0.124584176,0.124584176,0.124584176,0.045831956,0.045831956,0.124584176
2017-12-22,0.04384196,0.04384196,0.10958321,0.04384196,0.119174816,0.119174816,0.119174816,0.119174816,0.04384196,0.119174816,0.119174816
2017-12-26,0.046927,0.046927,0.12756082,0.046927,0.12756082,0.12756082,0.12756082,0.12756082,0.046927,0.046927,0.12756082
2017-12-27,0.05006821,0.05006821,0.13609952,0.05006821,0.13609952,0.13609952,0.069161355,0.13609952,0.05006821,0.05006821,0.13609952
2017-12-28,0.04293347,0.04293347,0.116705276,0.04293347,0.116705276,0.116705276,0.0934308,0.116705276,0.077537015,0.116705276,0.116705276
2017-12-29,0.048960052,0.048960052,0.048960052,0.048960052,0.13308723,0.13308723,0.13308723,0.13308723,0.048960052,0.08976355,0.13308723
2018-01-02,0.04342544,0.04342544,0.118042596,0.04342544,0.118042596,0.118042596,0.118042596,0.118042596,0.04342544,0.118042596,0.118042596
2018-01-03,0.047706135,0.047706135,0.11307566,0.047706135,0.12967873,0.12967873,0.12967873,0.12967873,0.047706135,0.047706135,0.12967873
2018-01-04,0.05929279,0.05929279,0.083230965,0.05929279,0.16117452,0.05929279,0.077488706,0.16117452,0.05929279,0.05929279,0.16117452
2018-01-05,0.05262519,0.05262519,0.1430501,0.05262519,0.1430501,0.11204839,0.05262519,0.1430501,0.05262519,0.05262519,0.1430501
2018-01-08,0.046927,0.046927,0.12756082,0.046927,0.12756082,0.12756082,0.12756082,0.12756082,0.046927,0.046927,0.12756082
2018-01-09,0.04766032,0.04766032,0.1295542,0.04766032,0.1295542,0.1295542,0.11392735,0.1295542,0.04766032,0.04766032,0.1295542
2018-01-10,0.04727863,0.04727863,0.12851664,0.04727863,0.12851664,0.12851664,0.12102353,0.12851664,0.04727863,0.04727863,0.12851664
2018-01-11,0.046927,0.046927,0.12756082,0.046927,0.12756082,0.12756082,0.12756082,0.12756082,0.046927,0.046927,0.12756082
2018-01-12,0.04481852,0.04481852,0.121829376,0.04481852,0.121829376,0.121829376,0.11312391,0.121829376,0.04481852,0.09845516,0.121829376
2018-01-16,0.04832213,0.04832213,0.1016235,0.04832213,0.13135317,0.13135317,0.13135317,0.13135317,0.04832213,0.04832213,0.13135317
2018-01-17,0.046927,0.046927,0.12756082,0.046927,0.12756082,0.12756082,0.12756082,0.12756082,0.046927,0.046927,0.12756082
2018-01-18,0.04813235,0.04813235,0.13083729,0.04813235,0.13083729,0.13083729,0.10515185,0.13083729,0.04813235,0.04813235,0.13083729
2018-01-19,0.046399623,0.046399623,0.12612726,0.046399623,0.12612726,0.057637878,0.12612726,0.12612726,0.046399623,0.12612726,0.12612726
2018-01-22,0.075564116,0.049723815,0.13516335,0.049723815,0.13516335,0.13516335,0.049723815,0.13516335,0.049723815,0.049723815,0.13516335
2018-01-23,0.04889673,0.04889673,0.1329151,0.04889673,0.1329151,0.1329151,0.090940885,0.1329151,0.04889673,0.04889673,0.1329151
2018-01-24,0.046927,0.046927,0.12756082,0.046927,0.12756082,0.12756082,0.12756082,0.12756082,0.046927,0.046927,0.12756082
2018-01-25,0.04606944,0.04606944,0.12522973,0.04606944,0.12522973,0.12522973,0.06434377,0.12522973,0.04606944,0.12522973,0.12522973
2018-01-26,0.055380262,0.055380262,0.15053917,0.055380262,0.15053917,0.055380262,0.15053917,0.060970083,0.059971843,0.055380262,0.15053917
2018-01-29,0.046927,0.046927,0.12756082,0.046927,0.12756082,0.12756082,0.12756082,0.12756082,0.046927,0.046927,0.12756082
2018-01-30,0.046927,0.046927,0.12756082,0.046927,0.12756082,0.12756082,0.046927,0.12756082,0.046927,0.12756082,0.12756082
2018-01-31,0.05272263,0.05272263,0.061504018,0.05272263,0.14331497,0.14331497,0.1016229,0.14331497,0.05272263,0.05272263,0.14331497
2018-02-01,0.043932036,0.043932036,0.119419664,0.043932036,0.119419664,0.10929987,0.11787357,0.119419664,0.043932036,0.119419664,0.119419664
2018-02-02,0.046927,0.046927,0.12756082,0.046927,0.12756082,0.12756082,0.12756082,0.12756082,0.046927,0.046927,0.12756082
2018-02-05,0.046927,0.046927,0.12756082,0.046927,0.12756082,0.12756082,0.12756082,0.12756082,0.046927,0.046927,0.12756082
2018-02-06,0.045060225,0.045060225,0.12248639,0.045060225,0.12248639,0.12248639,0.12248639,0.12248639,0.045060225,0.08484076,0.12248639
2018-02-07,0.04967381,0.04967381,0.076493815,0.04967381,0.13502742,0.13502742,0.13502742,0.13502742,0.04967381,0.04967381,0.13502742
