date,0_un_aleatoric,1_un_aleatoric,2_un_aleatoric,3_un_aleatoric,4_un_aleatoric,5_un_aleatoric,6_un_aleatoric,7_un_aleatoric,8_un_aleatoric,9_un_aleatoric,0_un_epistemic,1_un_epistemic,2_un_epistemic,3_un_epistemic,4_un_epistemic,5_un_epistemic,6_un_epistemic,7_un_epistemic,8_un_epistemic,9_un_epistemic,0_action,1_action,2_action,3_action,4_action,5_action,6_action,7_action,8_action,9_action
2017-03-03,0.6090513616800308,0.4866989254951477,0.5433108955621719,0.4520817846059799,0.5460855662822723,0.5148352682590485,0.5006046146154404,0.3771764039993286,0.4980180412530899,0.531403660774231,0.11239336431026459,0.15920964255928993,0.18462759256362915,0.12301762774586678,0.11402998864650726,0.13561253994703293,0.08957463130354881,0.12593314051628113,0.12825793772935867,0.14627086743712425,1,1,1,1,1,0,1,1,1,1
2017-03-06,1.2753966450691223,1.2779499292373657,1.412800133228302,1.1805341243743896,1.3312894701957703,1.447231411933899,1.420721173286438,1.1074470281600952,1.359578251838684,1.3217307329177856,0.04801873071119189,0.12354496959596872,0.06764390598982573,0.06277535017579794,0.12802458181977272,0.1347234733402729,0.10172212682664394,0.13139167334884405,0.11894002184271812,0.1256694160401821,1,1,1,1,1,0,1,1,1,1
2017-03-07,1.2620744705200195,1.2733033299446106,1.3830689787864685,1.1605572700500488,1.2971129417419434,1.4046390652656555,1.4012197852134705,1.1052054464817047,1.3534906506538391,1.301099717617035,0.04615313187241554,0.11554553546011448,0.07050583697855473,0.05859322100877762,0.12051097955554724,0.12589946202933788,0.1155996024608612,0.11655988078564405,0.1276085525751114,0.1325306687504053,1,1,1,1,1,0,1,1,1,1
2017-03-08,1.2577543258666992,1.2553576231002808,1.3929510116577148,1.1531093418598175,1.3081557154655457,1.4470270872116089,1.39459627866745,1.092544823884964,1.341126024723053,1.3043276071548462,0.057549032382667065,0.12809709459543228,0.08141655009239912,0.06989614944905043,0.13284479267895222,0.15824460983276367,0.12120474502444267,0.1341177960857749,0.12315199710428715,0.13923778384923935,1,1,1,1,1,0,1,1,1,1
2017-03-09,1.2615268230438232,1.266065537929535,1.4012740850448608,1.1611834466457367,1.3033289313316345,1.4078885912895203,1.4002923965454102,1.1042940020561218,1.3509047031402588,1.3061760067939758,0.0448938962072134,0.11648820154368877,0.06241161283105612,0.0585273914039135,0.12132934667170048,0.14481865614652634,0.10172199085354805,0.12007568217813969,0.116057850420475,0.12221268378198147,1,1,1,1,1,0,1,1,1,1
2017-03-10,1.3082470297813416,1.3176755905151367,1.450332522392273,1.1980135440826416,1.353881061077118,1.4058704376220703,1.4487460255622864,1.1458537578582764,1.3931271433830261,1.3517879843711853,0.05254505481570959,0.1172183919698,0.08046255726367235,0.0668296767398715,0.1316423062235117,0.17277005314826965,0.1252941433340311,0.11999899614602327,0.1358131505548954,0.14528418891131878,1,1,1,1,1,0,1,1,1,1
2017-03-13,1.2725313305854797,1.2842774391174316,1.41158789396286,1.1799716353416443,1.3227479457855225,1.4504462480545044,1.422752559185028,1.106726974248886,1.3506578207015991,1.3177711367607117,0.04813335184007883,0.12023135926574469,0.06381977815181017,0.06071781273931265,0.11879278719425201,0.13672957196831703,0.10379440523684025,0.1338147036731243,0.1292336769402027,0.12195462547242641,1,1,1,1,1,0,1,1,1,1
2017-03-14,1.2799015641212463,1.2902400493621826,1.4303063750267029,1.1898438334465027,1.3369635343551636,1.4624942541122437,1.4304488897323608,1.124964565038681,1.3695376515388489,1.3324142098426819,0.041573530063033104,0.12108178529888391,0.061712851747870445,0.05899562407284975,0.12102846801280975,0.132504066452384,0.11121203750371933,0.12784920167177916,0.12060657516121864,0.11977111361920834,1,1,1,1,1,0,1,1,1,1
2017-03-15,1.2634137868881226,1.2756081223487854,1.401318371295929,1.1733266115188599,1.3084669709205627,1.4536375403404236,1.4108630418777466,1.1042215526103973,1.3517221808433533,1.3173472881317139,0.03781715268269181,0.10955329053103924,0.06447084061801434,0.05891463393345475,0.11755702365189791,0.13116003200411797,0.09898038022220135,0.12804502435028553,0.1169714666903019,0.11156618688255548,1,1,1,1,1,0,1,1,1,1
2017-03-16,1.2632769346237183,1.2706998586654663,1.3925836086273193,1.165839970111847,1.3137354254722595,1.4693313241004944,1.406761109828949,1.1034794449806213,1.344654619693756,1.3030157685279846,0.043410515412688255,0.12046929728239775,0.06408830918371677,0.0608558626845479,0.13135777786374092,0.14903904125094414,0.10680305026471615,0.13479454535990953,0.1190637880936265,0.12076346762478352,1,1,1,1,1,0,1,1,1,1
2017-03-17,1.2810895442962646,1.2817890048027039,1.4186870455741882,1.1812764406204224,1.3327119946479797,1.4798174500465393,1.4158650636672974,1.1212832629680634,1.359782636165619,1.3227987885475159,0.03992308350279927,0.11740408558398485,0.060549963265657425,0.05790436174720526,0.12457753531634808,0.1438154261559248,0.10955396294593811,0.13099208381026983,0.1272113425657153,0.1263694679364562,1,1,1,1,1,0,1,1,1,1
2017-03-20,1.285208821296692,1.2911235690116882,1.4203848838806152,1.1902095079421997,1.3269407153129578,1.4240188598632812,1.4229060411453247,1.123679667711258,1.3716788291931152,1.3251293897628784,0.041214311961084604,0.11550406459718943,0.06733081769198179,0.05912436172366142,0.1256975494325161,0.13646535575389862,0.10241076722741127,0.12332641799002886,0.12176265195012093,0.12115338630974293,1,1,1,1,1,0,1,1,1,1
2017-03-21,1.2656156420707703,1.2759504318237305,1.411950409412384,1.1759611368179321,1.322457730770111,1.457235872745514,1.4089257717132568,1.1117983758449554,1.3695886731147766,1.3203935027122498,0.045584640465676785,0.1261309552937746,0.06666036508977413,0.06381416600197554,0.11915898602455854,0.15955167263746262,0.11483218148350716,0.13393401820212603,0.13953283056616783,0.1323460303246975,1,1,1,1,1,0,1,1,1,1
2017-03-22,1.2912598848342896,1.2976412773132324,1.4308320879936218,1.1963798999786377,1.3396435379981995,1.435110330581665,1.4409221410751343,1.1268692314624786,1.377828061580658,1.3305437564849854,0.049841159489005804,0.11957742366939783,0.0598105164244771,0.061283327639102936,0.12718948628753424,0.132843853905797,0.10546469129621983,0.13417872227728367,0.12512759771198034,0.120177136734128,1,1,1,1,1,0,1,1,1,1
2017-03-23,1.2699072360992432,1.2774840593338013,1.408736765384674,1.1701627373695374,1.320475161075592,1.454777717590332,1.4142144322395325,1.114492803812027,1.371555745601654,1.31843101978302,0.03808026760816574,0.10478615947067738,0.062345863319933414,0.054658733773976564,0.11820136848837137,0.13431000150740147,0.10053142346441746,0.12261362746357918,0.11435916740447283,0.11241600476205349,1,1,1,1,1,0,1,1,1,1
2017-03-24,1.2823125720024109,1.2847080826759338,1.422605276107788,1.1806426048278809,1.3299553990364075,1.4233787655830383,1.427694320678711,1.1095370650291443,1.371313214302063,1.3253328204154968,0.04733537836000323,0.11550081335008144,0.07095551770180464,0.05920038931071758,0.13272643089294434,0.1335480622947216,0.10347467847168446,0.13157422374933958,0.12139415740966797,0.11909328401088715,1,1,1,1,1,0,1,1,1,1
2017-03-27,1.2825916409492493,1.2941031455993652,1.425494372844696,1.1947442293167114,1.3245726227760315,1.4037210941314697,1.433021903038025,1.123896837234497,1.3626872897148132,1.325991153717041,0.047298697754740715,0.11941850557923317,0.06407159380614758,0.07447696197777987,0.13262192718684673,0.15753946267068386,0.10848254896700382,0.1322267046198249,0.12520939111709595,0.11679182387888432,1,1,1,1,1,0,1,1,1,1
2017-03-28,1.2855810523033142,1.2976049780845642,1.410298764705658,1.189853012561798,1.3323081135749817,1.4574426412582397,1.4382020831108093,1.1200947761535645,1.3720300197601318,1.3280081152915955,0.04183679586276412,0.11228378023952246,0.06293639726936817,0.05936285201460123,0.11840484011918306,0.1361730992794037,0.10606844164431095,0.13189188297837973,0.12516817916184664,0.11360043287277222,1,1,1,1,1,0,1,1,1,1
2017-03-29,1.270373523235321,1.2635573148727417,1.3911694288253784,1.1631436347961426,1.305217981338501,1.4256248474121094,1.3993890285491943,1.0738942921161652,1.3241978883743286,1.297247052192688,0.057367198169231415,0.15120135340839624,0.07394882664084435,0.0765978042036295,0.1430528536438942,0.1478945091366768,0.11589030921459198,0.15477540902793407,0.14230800420045853,0.1391053292900324,1,1,1,1,1,0,1,1,1,1
2017-03-30,1.2767242789268494,1.288162887096405,1.4237327575683594,1.1804129481315613,1.3273023962974548,1.4438475370407104,1.423353135585785,1.1134222447872162,1.3679741024971008,1.332153081893921,0.04322236217558384,0.11830042023211718,0.05963295232504606,0.058140655513852835,0.1196798738092184,0.12560869380831718,0.10256286524236202,0.12716838344931602,0.12278363853693008,0.11259252857416868,1,1,1,1,1,0,1,1,1,1
2017-03-31,1.2749228477478027,1.2846453785896301,1.405846655368805,1.1849344372749329,1.3207126259803772,1.4613929390907288,1.4318994283676147,1.1223348379135132,1.3558263778686523,1.3192737102508545,0.04864536877721548,0.11850388534367085,0.06664638314396143,0.07217725366353989,0.1259330976754427,0.16294677555561066,0.12387503869831562,0.13962486200034618,0.1445279736071825,0.12983999028801918,1,1,1,1,1,0,1,1,1,1
2017-04-03,1.2735832929611206,1.2818143367767334,1.4290109276771545,1.1728031635284424,1.332429826259613,1.4530205726623535,1.4166244864463806,1.1055727005004883,1.3535509705543518,1.3188020586967468,0.05166241806000471,0.1275786254554987,0.06747707538306713,0.06247488781809807,0.12910453975200653,0.16172694973647594,0.10901270620524883,0.15140278078615665,0.13550599478185177,0.1401018127799034,1,1,1,1,1,0,1,1,1,1
2017-04-04,1.2918821573257446,1.3078877925872803,1.423828661441803,1.1799112558364868,1.3316543698310852,1.4242953062057495,1.434929072856903,1.112416535615921,1.363389790058136,1.3258105516433716,0.04717060923576355,0.12029309757053852,0.0678030215203762,0.0679447753354907,0.12544283457100391,0.14714583195745945,0.12104728817939758,0.13106816913932562,0.13629011437296867,0.12902728840708733,1,1,1,1,1,0,1,1,1,1
2017-04-05,1.2936752438545227,1.3128686547279358,1.4342344403266907,1.1931100487709045,1.3448860049247742,1.4273529648780823,1.4496611952781677,1.1431196630001068,1.3833467960357666,1.3416610360145569,0.05729426443576813,0.11645659804344177,0.07252513989806175,0.07023653574287891,0.13531392067670822,0.172965370118618,0.13076105527579784,0.12463130243122578,0.14267918281257153,0.14597622491419315,1,1,1,1,1,0,1,1,1,1
2017-04-06,1.274548351764679,1.2755432724952698,1.4196332097053528,1.175993025302887,1.3257537484169006,1.439727246761322,1.4161065220832825,1.1029800772666931,1.3548722863197327,1.3197886943817139,0.05000394769012928,0.1271732496097684,0.06393082533031702,0.0590750421397388,0.12676069978624582,0.1412480939179659,0.10128674283623695,0.13904443476349115,0.12577530555427074,0.12061120010912418,1,1,1,1,1,0,1,1,1,1
2017-04-07,1.2933328747749329,1.3108202815055847,1.4349408745765686,1.195950210094452,1.3431844115257263,1.4647564888000488,1.4472085237503052,1.1374172866344452,1.3814786076545715,1.3446290493011475,0.04519025795161724,0.11427779123187065,0.06762279011309147,0.06790362857282162,0.12500199861824512,0.16728908941149712,0.11733989976346493,0.13193590193986893,0.12486692890524864,0.12860747799277306,1,1,1,1,1,0,1,1,1,1
2017-04-10,1.2835487723350525,1.2959303259849548,1.4152291417121887,1.1778517961502075,1.3251246809959412,1.4535235166549683,1.4294514060020447,1.1200846135616302,1.3556510210037231,1.3240112662315369,0.04626447521150112,0.11646348424255848,0.07006986439228058,0.06351107452064753,0.12530776485800743,0.15262776240706444,0.11912569776177406,0.14627516455948353,0.13466284982860088,0.12374253012239933,1,1,1,1,1,0,1,1,1,1
2017-04-11,1.2667911052703857,1.279539942741394,1.417459785938263,1.1677517890930176,1.3275176882743835,1.460399329662323,1.415727138519287,1.1119862794876099,1.361308217048645,1.3197298645973206,0.050455935299396515,0.12061589770019054,0.07458243612200022,0.06640013679862022,0.13164227083325386,0.15043659135699272,0.10868033394217491,0.14274699799716473,0.13233905844390392,0.14239000529050827,1,1,1,1,1,0,1,1,1,1
2017-04-12,1.2837085723876953,1.2957487106323242,1.4290056824684143,1.1852151155471802,1.3313440680503845,1.4483155012130737,1.4361645579338074,1.125809758901596,1.3685187697410583,1.3341947197914124,0.04159572767093778,0.1103842300362885,0.060391351114958525,0.055998715572059155,0.1254467722028494,0.1318874228745699,0.10592883732169867,0.13115342147648335,0.12168474867939949,0.11779279913753271,1,1,1,1,1,0,1,1,1,1
2017-04-13,1.272399127483368,1.2879638671875,1.4118541479110718,1.1724613308906555,1.315308392047882,1.4600370526313782,1.4200900793075562,1.1197890043258667,1.3523668050765991,1.3205476999282837,0.0410231021232903,0.11152240075170994,0.060708602890372276,0.0615958608686924,0.12090504448860884,0.15313189290463924,0.10599974542856216,0.12052597291767597,0.11755800247192383,0.12542157899588346,1,1,1,1,1,0,1,1,1,1
2017-04-17,1.2833804488182068,1.305658757686615,1.429398775100708,1.1985275149345398,1.329970896244049,1.450389325618744,1.444250762462616,1.1153430044651031,1.3607853055000305,1.3237122297286987,0.05542715545743704,0.14077712036669254,0.06893840059638023,0.08297034911811352,0.14659026637673378,0.1557220295071602,0.1251817662268877,0.15925179235637188,0.14808550663292408,0.1289383191615343,1,1,1,1,1,0,1,1,1,1
2017-04-18,1.2888551950454712,1.3160128593444824,1.4272807836532593,1.190540373325348,1.3397400975227356,1.4620904922485352,1.4513724446296692,1.1208212971687317,1.3726017475128174,1.3299736380577087,0.051426928490400314,0.12218945380300283,0.07355174329131842,0.06892320513725281,0.1289348192512989,0.15078412741422653,0.12095672823488712,0.15076904743909836,0.1376555636525154,0.12987726740539074,1,1,1,1,1,0,1,1,1,1
2017-04-19,1.285319209098816,1.2977943420410156,1.4338598847389221,1.1876423954963684,1.332533359527588,1.4514402151107788,1.4412365555763245,1.130689650774002,1.3808815479278564,1.3348923325538635,0.056855516508221626,0.1183373723179102,0.07225260511040688,0.07652913313359022,0.13221528753638268,0.159749623388052,0.1234604250639677,0.13199795968830585,0.14247609488666058,0.1352003663778305,1,1,1,1,1,0,1,1,1,1
2017-04-20,1.2986677885055542,1.3212845921516418,1.435421884059906,1.2049934267997742,1.3424440026283264,1.4312835931777954,1.4611679911613464,1.140488862991333,1.3823968768119812,1.3417412042617798,0.0511246295645833,0.12001378182321787,0.06539687141776085,0.06811990216374397,0.1234065443277359,0.16847751662135124,0.12466717325150967,0.14453689754009247,0.1520866323262453,0.12577241100370884,1,1,1,1,1,0,1,1,1,1
2017-04-21,1.2675834894180298,1.284690499305725,1.4040992856025696,1.164111316204071,1.3014934659004211,1.4503511190414429,1.4137983918190002,1.1102512180805206,1.3475542664527893,1.3053248524665833,0.044684373307973146,0.11740614473819733,0.06450551189482212,0.06475297175347805,0.11952521931380033,0.15990126505494118,0.11319239437580109,0.1266658129170537,0.12923165410757065,0.12649007514119148,1,1,1,1,1,0,1,1,1,1
2017-04-24,1.2731736302375793,1.289914071559906,1.416714608669281,1.1754242777824402,1.325437605381012,1.4586663842201233,1.4375305771827698,1.1174692213535309,1.3581349849700928,1.3187177777290344,0.05564737692475319,0.12546221818774939,0.07539535313844681,0.07088048569858074,0.13332902267575264,0.16262085363268852,0.1301880944520235,0.14916899241507053,0.14901532791554928,0.12992386519908905,1,1,1,1,1,0,1,1,1,1
2017-04-25,1.2460044622421265,1.2669345140457153,1.398064136505127,1.1533209085464478,1.300208568572998,1.4749457240104675,1.4004722237586975,1.0958480834960938,1.342487394809723,1.307542324066162,0.04162937216460705,0.11664013843983412,0.060202164109796286,0.06083040777593851,0.12125180661678314,0.1403978355228901,0.10452459380030632,0.1320094894617796,0.12320294603705406,0.11827999074012041,1,1,1,1,1,0,1,1,1,1
2017-04-26,1.2793495655059814,1.3139933347702026,1.428036868572235,1.192811667919159,1.3481810688972473,1.4220833778381348,1.4428329467773438,1.1163753867149353,1.3724376559257507,1.3262899518013,0.05062834918498993,0.11855677794665098,0.07371326070278883,0.068514758720994,0.13567880168557167,0.1497854609042406,0.11287382990121841,0.14469481818377972,0.14041091315448284,0.12730298191308975,1,1,1,1,1,0,1,1,1,1
2017-04-27,1.2463417053222656,1.249895691871643,1.3967994451522827,1.1434759497642517,1.2837733626365662,1.4375343918800354,1.3847600221633911,1.0903727412223816,1.3214369416236877,1.2865978479385376,0.0504513718187809,0.13257509656250477,0.07773128058761358,0.0710199037566781,0.14698097668588161,0.15936146676540375,0.11906465142965317,0.13600788824260235,0.12448305264115334,0.14022104255855083,1,1,1,1,1,0,1,1,1,1
2017-04-28,1.2629631161689758,1.2978181838989258,1.4192704558372498,1.1908605694770813,1.3213801383972168,1.4439470171928406,1.4468097686767578,1.1198978126049042,1.3615154027938843,1.3261216282844543,0.05087959859520197,0.12036261055618525,0.06451044511049986,0.06905132438987494,0.12572997342795134,0.15308221988379955,0.11743387393653393,0.15229416824877262,0.1439097337424755,0.11945318803191185,1,1,1,1,1,0,1,1,1,1
2017-05-01,1.2737886309623718,1.3052678108215332,1.4233853816986084,1.1760165095329285,1.3286635279655457,1.4432953000068665,1.4397538304328918,1.1245569288730621,1.3819764852523804,1.3327286839485168,0.04526770859956741,0.11438061855733395,0.07353274244815111,0.06097342725843191,0.12720640562474728,0.13770809210836887,0.11701057851314545,0.14225494489073753,0.13488364033401012,0.13108397461473942,1,1,1,1,1,0,1,1,1,1
2017-05-02,1.2634231448173523,1.2826761603355408,1.4152889251708984,1.171021819114685,1.3193995356559753,1.4889615178108215,1.4237205386161804,1.1017068326473236,1.353159248828888,1.3135886788368225,0.05609322153031826,0.1339985877275467,0.07719160802662373,0.07737225387245417,0.1409488096833229,0.1475544609129429,0.11467968299984932,0.1535689551383257,0.13295316696166992,0.1377371195703745,1,1,1,1,1,0,1,1,1,1
2017-05-03,1.2413253784179688,1.2566311955451965,1.3813227415084839,1.1405523121356964,1.2840718626976013,1.4760781526565552,1.3900648355484009,1.085908591747284,1.3331023454666138,1.2954341173171997,0.043520587496459484,0.11775301489979029,0.06806679908186197,0.06792144291102886,0.12736305966973305,0.15636080503463745,0.12038448452949524,0.13641359005123377,0.13345963135361671,0.12637028843164444,1,1,1,1,1,0,1,1,1,1
2017-05-04,1.2630199790000916,1.2730228900909424,1.3944011926651,1.1547579765319824,1.3033159971237183,1.4789270162582397,1.4092146158218384,1.1045332849025726,1.337191879749298,1.3067074418067932,0.05040972866117954,0.12234468758106232,0.071037782356143,0.06202723551541567,0.12453834526240826,0.16861823201179504,0.12350895814597607,0.14507724344730377,0.1408578921109438,0.12988425977528095,1,1,1,1,1,0,1,1,1,1
2017-05-05,1.2691348791122437,1.2918819189071655,1.429125189781189,1.1811437606811523,1.3134287595748901,1.4661908149719238,1.4284430146217346,1.124053806066513,1.3470036387443542,1.3178523778915405,0.05618296656757593,0.13637575134634972,0.0810681376606226,0.08511447533965111,0.14237205684185028,0.1515630390495062,0.12069305032491684,0.15537387877702713,0.1387694701552391,0.1314041931182146,1,1,1,1,1,0,1,1,1,1
2017-05-08,1.262053668498993,1.2754730582237244,1.4041380286216736,1.1583682298660278,1.3064671158790588,1.4624422788619995,1.4153538346290588,1.102509617805481,1.3448647260665894,1.3038334250450134,0.04952355567365885,0.12882901914417744,0.067854855209589,0.06560100708156824,0.1332416906952858,0.15407221019268036,0.12001849710941315,0.1582324355840683,0.14331232197582722,0.12234697863459587,1,1,1,1,1,0,1,1,1,1
2017-05-09,1.2786718010902405,1.3065879344940186,1.4195935726165771,1.1715577244758606,1.315075933933258,1.4296196103096008,1.4263038635253906,1.120814174413681,1.3545401096343994,1.3178924322128296,0.04999685939401388,0.13324362598359585,0.07059874292463064,0.07002316601574421,0.13218161463737488,0.14172865636646748,0.11933756433427334,0.16089127212762833,0.14962494932115078,0.12751311250030994,1,1,1,1,1,0,1,1,1,1
2017-05-10,1.2603095173835754,1.278394877910614,1.3916760087013245,1.1518916487693787,1.3033889532089233,1.4441370368003845,1.4084225296974182,1.0954593420028687,1.3441210985183716,1.298874855041504,0.049575538374483585,0.13245160784572363,0.07360381446778774,0.066737936809659,0.14548815600574017,0.15195603109896183,0.12300734966993332,0.15552805736660957,0.14493325725197792,0.13611605390906334,1,1,1,1,1,0,1,1,1,1
2017-05-11,1.2639217376708984,1.2940191626548767,1.4039073586463928,1.1643750667572021,1.3051171898841858,1.465782880783081,1.4202404618263245,1.1105604767799377,1.3582116961479187,1.3111175894737244,0.04741073306649923,0.12241944018751383,0.07281282637268305,0.06903233006596565,0.1317211240530014,0.15556268207728863,0.1190827339887619,0.1478411965072155,0.1411703061312437,0.13327470608055592,1,1,1,1,1,0,1,1,1,1
2017-05-12,1.2673712372779846,1.2966490983963013,1.4192219972610474,1.1792048215866089,1.3292937874794006,1.4341771602630615,1.4405215978622437,1.1002311408519745,1.3448913097381592,1.31306391954422,0.06884144432842731,0.1488769855350256,0.08850646018981934,0.08075620420277119,0.14318494498729706,0.17206962779164314,0.1355829704552889,0.18356099911034107,0.16926973313093185,0.14129995368421078,1,1,1,1,1,0,1,1,1,1
2017-05-15,1.2662607431411743,1.2940105199813843,1.4134515523910522,1.1621600985527039,1.3184096217155457,1.4474663138389587,1.4238139390945435,1.1078620254993439,1.3428252935409546,1.3164085149765015,0.05245198309421539,0.12190904282033443,0.0740413349121809,0.07699575088918209,0.13333072699606419,0.16817671805620193,0.13326816447079182,0.15111063607037067,0.14681195840239525,0.1385557260364294,1,1,1,1,1,0,1,1,1,1
2017-05-16,1.2742529511451721,1.3054828643798828,1.4217278957366943,1.167174220085144,1.3237000703811646,1.4372277855873108,1.4283528327941895,1.1196293234825134,1.360413908958435,1.3240567445755005,0.0530341686680913,0.12333850935101509,0.08599456958472729,0.07676327787339687,0.1342688500881195,0.15397881343960762,0.13161169551312923,0.14665335416793823,0.16428912989795208,0.14673318713903427,1,1,1,1,1,0,1,1,1,1
2017-05-17,1.2698168754577637,1.2978636026382446,1.424680769443512,1.177897334098816,1.3180240988731384,1.4575727581977844,1.433315634727478,1.11670783162117,1.3470976948738098,1.3159971237182617,0.04916158504784107,0.12359402980655432,0.062456185929477215,0.06650564167648554,0.12955691758543253,0.15586209669709206,0.11109321936964989,0.15021946094930172,0.13451914116740227,0.13190937973558903,1,1,1,1,1,0,1,1,1,1
2017-05-18,1.2444896697998047,1.267887830734253,1.3785411715507507,1.1460987329483032,1.2809037566184998,1.4539153575897217,1.4018568396568298,1.0890912115573883,1.3431242108345032,1.3054897785186768,0.054417455568909645,0.12832470424473286,0.08307191357016563,0.07742428779602051,0.13772974535822868,0.19886942952871323,0.129385307431221,0.15459766052663326,0.15227466635406017,0.1379932202398777,1,1,1,1,1,0,1,1,1,1
2017-05-19,1.2683554291725159,1.302712321281433,1.4279471635818481,1.1726657152175903,1.3215840458869934,1.4609519243240356,1.4335739612579346,1.1232328414916992,1.364577293395996,1.3233212232589722,0.04832347761839628,0.12537862733006477,0.07436242792755365,0.07143059652298689,0.1352432668209076,0.164225772023201,0.12086992152035236,0.14659547060728073,0.14620508067309856,0.14087273366749287,1,1,1,1,1,0,1,1,1,1
2017-05-22,1.26476389169693,1.2901089787483215,1.4174683690071106,1.154221922159195,1.3178377151489258,1.441273033618927,1.4207380414009094,1.1078025996685028,1.3549599051475525,1.314464271068573,0.051607401110231876,0.12920795008540154,0.08026030752807856,0.070331328548491,0.1443445347249508,0.1541566364467144,0.11999505572021008,0.15764185041189194,0.14638638496398926,0.14097428880631924,1,1,1,1,1,0,1,1,1,1
2017-05-23,1.2922647595405579,1.3229591250419617,1.4412713050842285,1.1932015419006348,1.3465133905410767,1.4690735340118408,1.4551819562911987,1.1375877559185028,1.3712483644485474,1.33843994140625,0.05150178074836731,0.12426112964749336,0.06561617460101843,0.07222515810281038,0.13447207771241665,0.17999784834682941,0.1252652034163475,0.1443505398929119,0.1522485539317131,0.13929506577551365,1,1,1,1,1,0,1,1,1,1
2017-05-24,1.2508217692375183,1.2787951827049255,1.4018157124519348,1.1403363943099976,1.2907313704490662,1.4224209189414978,1.4092826843261719,1.1004127860069275,1.3355066180229187,1.2986285090446472,0.04538172576576471,0.11125544738024473,0.06735433079302311,0.07500760350376368,0.12736977078020573,0.14596794731914997,0.12349439598619938,0.13847709354013205,0.14231054671108723,0.12392762303352356,1,1,1,1,1,0,1,1,1,1
2017-05-25,1.305172860622406,1.339543879032135,1.4581305980682373,1.2067880630493164,1.3521657586097717,1.4388798475265503,1.4728167057037354,1.148364543914795,1.3767380118370056,1.3491265177726746,0.05940580274909735,0.13222090154886246,0.0796728702262044,0.08324579522013664,0.15004631504416466,0.15272985212504864,0.14056970924139023,0.16594069451093674,0.15584303997457027,0.1433954183012247,1,1,1,1,1,0,1,1,1,1
2017-05-26,1.2987237572669983,1.323980987071991,1.4623261094093323,1.2071887254714966,1.3619635105133057,1.4499993920326233,1.4768776893615723,1.1405129730701447,1.3692516684532166,1.3516206741333008,0.07527594268321991,0.14992483891546726,0.08120579272508621,0.08718620240688324,0.15975759737193584,0.17396947927773,0.13430830650031567,0.1811475269496441,0.15706508234143257,0.15391597524285316,1,1,1,1,1,0,1,1,1,1
2017-05-30,1.2741408348083496,1.3030587434768677,1.428189218044281,1.1744685769081116,1.323220431804657,1.460092544555664,1.439023494720459,1.119094967842102,1.3512251377105713,1.3218451738357544,0.05098654329776764,0.1239602891728282,0.06869236845523119,0.0733168013393879,0.132384960539639,0.1712734792381525,0.12256507575511932,0.15055853500962257,0.14930466748774052,0.13870403170585632,1,1,1,1,1,0,1,1,1,1
2017-05-31,1.2801451683044434,1.3031314611434937,1.4233893752098083,1.1695797443389893,1.3122072219848633,1.435644268989563,1.4259905815124512,1.1186161637306213,1.3452438712120056,1.3180752396583557,0.05612700618803501,0.14106197282671928,0.07679135166108608,0.07226878497749567,0.14031026139855385,0.16456429660320282,0.1253231316804886,0.15641016885638237,0.1521833874285221,0.13892456889152527,1,1,1,1,1,0,1,1,1,1
2017-06-01,1.2702590823173523,1.3033762574195862,1.4271703362464905,1.16664057970047,1.3157323598861694,1.4689123630523682,1.4403945207595825,1.1279861629009247,1.3735511898994446,1.3243184089660645,0.057438742369413376,0.12197341024875641,0.08511958830058575,0.08453704416751862,0.13639787398278713,0.17406277731060982,0.13705844432115555,0.1484811920672655,0.1641852706670761,0.15298466384410858,1,1,1,1,1,0,1,1,1,1
2017-06-02,1.2841179966926575,1.325651466846466,1.4444008469581604,1.1882189512252808,1.3321729898452759,1.4410561919212341,1.4508752226829529,1.1303501427173615,1.348398745059967,1.3215880990028381,0.06842839904129505,0.14638401940464973,0.084496283903718,0.09850165247917175,0.15022097527980804,0.191482063382864,0.14316831901669502,0.16302216425538063,0.1654711775481701,0.15489225648343563,1,1,1,1,1,0,1,1,1,1
2017-06-05,1.2763143181800842,1.2958300113677979,1.4247311353683472,1.1718804240226746,1.3186922669410706,1.4735786318778992,1.4393255114555359,1.1115461587905884,1.359300971031189,1.321370005607605,0.05623148288577795,0.14154987037181854,0.0748262070119381,0.08548138849437237,0.14521562680602074,0.17344297096133232,0.13378741592168808,0.16172230057418346,0.1530545875430107,0.13500181958079338,1,1,1,1,1,0,1,1,1,1
2017-06-06,1.2764481902122498,1.327716588973999,1.4267216920852661,1.1808096170425415,1.324709951877594,1.452119529247284,1.4521588683128357,1.113985300064087,1.3638829588890076,1.3311678767204285,0.055350434966385365,0.1323779858648777,0.07929801568388939,0.08185780048370361,0.14483999647200108,0.16225296445190907,0.13287382572889328,0.1576852723956108,0.15330294519662857,0.13910656049847603,1,1,1,1,1,0,1,1,1,1
2017-06-07,1.2694252729415894,1.298730492591858,1.4270381927490234,1.180695116519928,1.3320758938789368,1.465530812740326,1.4510691165924072,1.101481944322586,1.355760395526886,1.314298391342163,0.08409056812524796,0.1640276238322258,0.09702746011316776,0.10654677264392376,0.1562987044453621,0.18727360293269157,0.1489262506365776,0.19708944112062454,0.1810542680323124,0.15054810419678688,1,1,1,1,1,0,1,1,1,1
2017-06-08,1.256912648677826,1.3027132749557495,1.4277973771095276,1.1595386266708374,1.3147183656692505,1.4410024285316467,1.425627589225769,1.1098726093769073,1.34907865524292,1.3147238492965698,0.060518885031342506,0.141460619866848,0.09034807235002518,0.0919753946363926,0.1502936352044344,0.17498946748673916,0.13946047239005566,0.1734132096171379,0.15926679596304893,0.14824408665299416,1,1,1,1,1,0,1,1,1,1
2017-06-09,1.3031856417655945,1.3397554159164429,1.4650108814239502,1.2131299376487732,1.3562942743301392,1.4504834413528442,1.4816725254058838,1.136738806962967,1.3727397918701172,1.3498418927192688,0.06901801936328411,0.14888055808842182,0.08313152194023132,0.09160707518458366,0.14647972956299782,0.18637840449810028,0.13006346859037876,0.1774134300649166,0.16282911971211433,0.14242871664464474,1,1,1,1,1,0,1,1,1,1
2017-06-12,1.2914124727249146,1.32349294424057,1.444506287574768,1.184789776802063,1.346706211566925,1.4693047404289246,1.4559725522994995,1.1102490425109863,1.356283187866211,1.3362337350845337,0.06542793661355972,0.14673912897706032,0.08211712539196014,0.08952576294541359,0.15832739137113094,0.17440934106707573,0.12589022144675255,0.186813585460186,0.16190210729837418,0.14593596756458282,1,1,1,1,1,0,1,1,1,1
2017-06-13,1.2524906992912292,1.2793413996696472,1.3899332880973816,1.1373314559459686,1.2847739458084106,1.4497952461242676,1.4123374819755554,1.0908462703227997,1.3379648327827454,1.3060875535011292,0.045510049909353256,0.12272335030138493,0.07812865823507309,0.07982279919087887,0.1285567246377468,0.1677241362631321,0.1259196400642395,0.15770496241748333,0.15850108489394188,0.13931982591748238,1,1,1,1,1,0,1,1,1,1
2017-06-14,1.2566864490509033,1.284311592578888,1.3978438973426819,1.14742112159729,1.2937482595443726,1.4468566179275513,1.4174014925956726,1.091034173965454,1.3342357873916626,1.302553117275238,0.05597259197384119,0.1331155775114894,0.07610653154551983,0.08382353000342846,0.13663726300001144,0.14975264482200146,0.12257322482764721,0.16919655352830887,0.14832274988293648,0.13353844173252583,1,1,1,1,1,0,1,1,1,1
2017-06-15,1.2687819004058838,1.31049382686615,1.4187843799591064,1.1590555906295776,1.3281834721565247,1.4405637383460999,1.4442439675331116,1.1120180189609528,1.3508996367454529,1.3169910311698914,0.07644563913345337,0.14267539978027344,0.0960427075624466,0.10316947847604752,0.1582883521914482,0.1698998361825943,0.1540377177298069,0.19652239978313446,0.17686088010668755,0.16450375691056252,1,1,1,1,1,0,1,1,1,1
2017-06-16,1.2939850687980652,1.3209481239318848,1.4553009271621704,1.1849068403244019,1.3439639210700989,1.4755927920341492,1.4568217396736145,1.129232943058014,1.3614608645439148,1.3423714637756348,0.0649004802107811,0.14035417325794697,0.08461042772978544,0.08770044893026352,0.1521441638469696,0.15425219386816025,0.1352718248963356,0.16434534452855587,0.16229687631130219,0.15626892633736134,1,1,1,1,1,0,1,1,1,1
2017-06-19,1.2592285871505737,1.2985761761665344,1.406399130821228,1.1526522934436798,1.3015190362930298,1.4512216448783875,1.4273449182510376,1.1016916632652283,1.3417437076568604,1.3098235130310059,0.06427460163831711,0.1337511371821165,0.08438993897289038,0.09384181909263134,0.14218106679618359,0.16905492171645164,0.1322622075676918,0.165110532194376,0.1606550496071577,0.15479129180312157,1,1,1,1,1,0,1,1,1,1
2017-06-20,1.2952777743339539,1.322027325630188,1.447431743144989,1.1859468221664429,1.342130720615387,1.4842859506607056,1.4637982845306396,1.1259274780750275,1.3570843935012817,1.3418956995010376,0.07170675322413445,0.15701648965477943,0.07727154158055782,0.09176413342356682,0.154568362981081,0.17150926031172276,0.1403206754475832,0.19020423106849194,0.17121432349085808,0.15608691051602364,1,1,1,1,1,0,1,1,1,1
2017-06-21,1.2740876078605652,1.3032673001289368,1.4355922937393188,1.1711650490760803,1.3194714188575745,1.4869970083236694,1.4458749890327454,1.1165753602981567,1.3503206968307495,1.3258743286132812,0.06450680457055569,0.13382802158594131,0.08498595096170902,0.09158421121537685,0.14577954076230526,0.18462729640305042,0.13550562411546707,0.16790300980210304,0.14706479385495186,0.16089071705937386,1,1,1,1,1,0,1,1,1,1
2017-06-22,1.2570281028747559,1.2852027416229248,1.4047725200653076,1.1465467512607574,1.2950273156166077,1.4537327289581299,1.4154223799705505,1.0892453789710999,1.3325186371803284,1.3038415908813477,0.07450867258012295,0.15775476396083832,0.0910289715975523,0.11452020332217216,0.15878943912684917,0.16450291499495506,0.1415169294923544,0.19078408367931843,0.17205217108130455,0.1554359272122383,1,1,1,1,1,0,1,1,1,1
2017-06-23,1.2727257013320923,1.2987048029899597,1.4282218217849731,1.155970722436905,1.3188669085502625,1.4690594673156738,1.4303792715072632,1.100480705499649,1.3431761860847473,1.3177907466888428,0.053961799480021,0.14087055530399084,0.07672580983489752,0.08121731504797935,0.15602647699415684,0.170943945646286,0.13066062703728676,0.16176931746304035,0.15794565714895725,0.15410298481583595,1,1,1,1,1,0,1,1,1,1
2017-06-26,1.277442455291748,1.3178007006645203,1.4328643083572388,1.170765995979309,1.322252631187439,1.460248053073883,1.4459955096244812,1.1225813627243042,1.360984742641449,1.3287387490272522,0.0810025054961443,0.15003728866577148,0.1015232615172863,0.10620464757084846,0.16074566543102264,0.18081922829151154,0.14921152964234352,0.18876061588525772,0.19193530827760696,0.16744155809283257,1,1,1,1,1,0,1,1,1,1
2017-06-27,1.2805522680282593,1.317153513431549,1.4383152723312378,1.1760826706886292,1.3299385905265808,1.4446656703948975,1.4464715123176575,1.1098688244819641,1.363158106803894,1.3351873755455017,0.07542300038039684,0.17607958987355232,0.10515936464071274,0.09766077436506748,0.17592106759548187,0.1971854344010353,0.15564540401101112,0.21808959543704987,0.21000489592552185,0.17695191875100136,1,1,1,1,1,0,1,1,1,1
2017-06-28,1.2687063813209534,1.301833689212799,1.428765594959259,1.1594884991645813,1.3033557534217834,1.4821271896362305,1.4392236471176147,1.1118809878826141,1.3433696627616882,1.3172219395637512,0.0709804892539978,0.14754404872655869,0.08539303485304117,0.09636243246495724,0.16394358687102795,0.18450979888439178,0.1442030593752861,0.18367203697562218,0.16733817383646965,0.1659619826823473,1,1,1,1,1,0,1,1,1,1
2017-06-29,1.2650792002677917,1.2976073622703552,1.4055513739585876,1.1509543657302856,1.2941109538078308,1.4811052680015564,1.4293449521064758,1.0996482372283936,1.3355542421340942,1.310008466243744,0.07113480567932129,0.15595046803355217,0.08900091238319874,0.10228156298398972,0.16146221570670605,0.20619185268878937,0.16150815784931183,0.19307008385658264,0.19344104453921318,0.17002220824360847,1,1,1,1,1,0,1,1,1,1
2017-06-30,1.2779579162597656,1.3134968280792236,1.4349724054336548,1.1713116765022278,1.3185425400733948,1.4833242893218994,1.4570762515068054,1.1142040491104126,1.3464465737342834,1.3309171795845032,0.07005010917782784,0.144404960796237,0.0934264026582241,0.09640079736709595,0.1663953848183155,0.20058313757181168,0.14867102354764938,0.19218807108700275,0.17540058121085167,0.16485869698226452,1,1,1,1,1,0,1,1,1,1
2017-07-03,1.274087131023407,1.3017492294311523,1.4136124849319458,1.140251249074936,1.3058831691741943,1.481644332408905,1.4295849800109863,1.0985186696052551,1.3315082788467407,1.312213957309723,0.0695269126445055,0.1562175266444683,0.08434434421360493,0.09982256777584553,0.150332847610116,0.19932722300291061,0.14402582496404648,0.19736535288393497,0.18653327599167824,0.16231727227568626,1,1,1,1,1,0,1,1,1,1
2017-07-05,1.2867065072059631,1.3175595998764038,1.4192016124725342,1.15040323138237,1.329245388507843,1.4598885774612427,1.4504571557044983,1.106124073266983,1.3450799584388733,1.3232359886169434,0.07159368321299553,0.14915880002081394,0.09436662495136261,0.10105810686945915,0.16606128960847855,0.21063554286956787,0.15512944757938385,0.19150998443365097,0.19195351377129555,0.18710840865969658,1,1,1,1,1,0,1,1,1,1
2017-07-06,1.2435204982757568,1.2817625999450684,1.380702018737793,1.1175411343574524,1.2729876637458801,1.4700548648834229,1.3973013162612915,1.081951379776001,1.319800853729248,1.2885806560516357,0.07414048910140991,0.14692223444581032,0.10064839944243431,0.1172964833676815,0.15351655893027782,0.1957029141485691,0.1597924530506134,0.17249063961207867,0.1811005026102066,0.17322010546922684,1,1,1,1,1,0,1,1,1,1
2017-07-07,1.268344223499298,1.293354094028473,1.416213035583496,1.14877450466156,1.3007060885429382,1.4446136951446533,1.4278361797332764,1.1042960584163666,1.3353670239448547,1.3142329454421997,0.0643155686557293,0.15171966329216957,0.09936542809009552,0.10816561058163643,0.16257737576961517,0.21083637699484825,0.15455973148345947,0.18692908436059952,0.18981602415442467,0.16183099523186684,1,1,1,1,1,0,1,1,1,1
2017-07-10,1.291858434677124,1.3338266015052795,1.4489471316337585,1.1829993724822998,1.3366649746894836,1.451241135597229,1.4690335392951965,1.1196077167987823,1.3534213304519653,1.3382432460784912,0.08106488920748234,0.17273183725774288,0.09857834316790104,0.11082392558455467,0.18308711424469948,0.19496875628829002,0.15686212480068207,0.22372034937143326,0.20046453177928925,0.18892111629247665,1,1,1,1,1,0,1,1,1,1
2017-07-11,1.265770673751831,1.3162466287612915,1.4306964874267578,1.1512489020824432,1.3161268830299377,1.42508202791214,1.4355074167251587,1.1128121316432953,1.3442254066467285,1.323750615119934,0.0756523460149765,0.16572099551558495,0.11346611566841602,0.11390083096921444,0.1772807501256466,0.19250435382127762,0.16542371734976768,0.2021828591823578,0.20686140656471252,0.19119827076792717,1,1,1,1,1,0,1,1,1,1
2017-07-12,1.2603041529655457,1.2996065616607666,1.4105353951454163,1.1457332372665405,1.3000473976135254,1.4682563543319702,1.4285773634910583,1.1025225818157196,1.336272656917572,1.3143277168273926,0.07146261259913445,0.13912469148635864,0.09893052279949188,0.10943575575947762,0.14824645034968853,0.19744275510311127,0.1450631432235241,0.1874406635761261,0.18058576062321663,0.16530373319983482,1,1,1,1,1,0,1,1,1,1
2017-07-13,1.25146484375,1.2820774912834167,1.402646005153656,1.13301882147789,1.284752905368805,1.4546628594398499,1.4140428304672241,1.086411327123642,1.3194069862365723,1.2992080450057983,0.0768616534769535,0.1497871745377779,0.09779870510101318,0.10885925590991974,0.1670781672000885,0.1787249594926834,0.1469564028084278,0.1932361163198948,0.17998921871185303,0.16718651354312897,1,1,1,1,1,0,1,1,1,1
2017-07-14,1.2774482369422913,1.3031660318374634,1.431462824344635,1.154335856437683,1.3342620134353638,1.5133948922157288,1.4518631100654602,1.0977779924869537,1.3433665037155151,1.3192284107208252,0.08906667865812778,0.163573594763875,0.1071037519723177,0.12572956085205078,0.16474801488220692,0.22937176004052162,0.15878810361027718,0.207659013569355,0.192342396825552,0.17684335261583328,1,1,1,1,1,0,1,1,1,1
2017-07-17,1.2439366579055786,1.2714883089065552,1.393288791179657,1.1192475259304047,1.278213918209076,1.4572717547416687,1.3980768918991089,1.0637865364551544,1.3131250143051147,1.2889462113380432,0.08157887868583202,0.16549335420131683,0.10966897942125797,0.12054019793868065,0.17072800919413567,0.18683967366814613,0.15846985578536987,0.20611077174544334,0.19169868528842926,0.18150150775909424,1,1,1,1,1,0,1,1,1,1
2017-07-18,1.2515857219696045,1.2812498807907104,1.3904325366020203,1.121433973312378,1.2818917036056519,1.4395183324813843,1.4099830985069275,1.0748549103736877,1.3141545057296753,1.2922470569610596,0.07609803788363934,0.1591375134885311,0.11385939829051495,0.11900707334280014,0.179085835814476,0.21318607032299042,0.16886986047029495,0.206475667655468,0.20949812978506088,0.1864624246954918,1,1,1,1,1,0,1,1,1,1
2017-07-19,1.2726432085037231,1.3223000764846802,1.4300928711891174,1.1589641869068146,1.3236958980560303,1.4475089311599731,1.4514113664627075,1.1157864034175873,1.3573198914527893,1.3280397057533264,0.08060969784855843,0.15681658871471882,0.10982433520257473,0.11983131244778633,0.17635729908943176,0.1991409920156002,0.17095772922039032,0.20565331354737282,0.19615567848086357,0.18681984767317772,1,1,1,1,1,0,1,1,1,1
2017-07-20,1.2609606385231018,1.299293875694275,1.3997508883476257,1.147477626800537,1.2950933575630188,1.4325346946716309,1.431442379951477,1.0890373885631561,1.338427722454071,1.3155819177627563,0.07742486894130707,0.16737840697169304,0.12318712286651134,0.1194334588944912,0.1814223900437355,0.20811066403985023,0.17472564429044724,0.2060910053551197,0.21369952335953712,0.18265480548143387,1,1,1,1,1,0,1,1,1,1
2017-07-21,1.2602620124816895,1.3121070861816406,1.411063313484192,1.1444341242313385,1.2981111407279968,1.4108834266662598,1.4391351342201233,1.0974733233451843,1.3362562656402588,1.3079527020454407,0.07497402839362621,0.14737335592508316,0.12121840380132198,0.12275008857250214,0.17598679661750793,0.20735125988721848,0.16585363820195198,0.19411364942789078,0.2051793597638607,0.19211041182279587,1,1,1,1,1,0,1,1,1,1
2017-07-24,1.269095003604889,1.3204132914543152,1.425199270248413,1.1555655598640442,1.3022557497024536,1.4515975713729858,1.4431630373001099,1.0928457975387573,1.3428247570991516,1.317921757698059,0.08768059499561787,0.1721601765602827,0.11318791843950748,0.12487558647990227,0.1808224953711033,0.18091232515871525,0.17217055708169937,0.21873176097869873,0.22694334015250206,0.19591234624385834,1,1,1,1,1,0,1,1,1,1
2017-07-25,1.2613232135772705,1.3016420006752014,1.3960828185081482,1.1336535215377808,1.2796222567558289,1.4430105090141296,1.4296841025352478,1.0921976864337921,1.3424003720283508,1.3059842586517334,0.07738503254950047,0.14967390522360802,0.11972033232450485,0.13240700587630272,0.17110677435994148,0.2434639148414135,0.18742787837982178,0.2133716195821762,0.22080561518669128,0.19286536425352097,1,1,1,1,1,0,1,1,1,1
2017-07-26,1.2878775596618652,1.3278511762619019,1.4275482296943665,1.1547471284866333,1.3108165264129639,1.4558671116828918,1.4516966342926025,1.112539380788803,1.3579568266868591,1.3325649499893188,0.08229491487145424,0.15797904692590237,0.1125029157847166,0.11941929534077644,0.17401960119605064,0.1901104897260666,0.16322096437215805,0.1978565752506256,0.2177036926150322,0.19067919999361038,1,1,1,1,1,0,1,1,1,1
2017-07-27,1.265694260597229,1.3035030364990234,1.41317617893219,1.1282683312892914,1.3028860688209534,1.4422510862350464,1.429229736328125,1.0757827162742615,1.322189748287201,1.3047842383384705,0.07644753158092499,0.164580212906003,0.11882377788424492,0.12697115540504456,0.18457362800836563,0.20788750424981117,0.17535551264882088,0.2162962295114994,0.2110891006886959,0.18961787223815918,1,1,1,1,1,0,1,1,1,1
2017-07-28,1.2277896404266357,1.2792836427688599,1.3619926571846008,1.0980486869812012,1.2513741850852966,1.4419954419136047,1.3936015963554382,1.0653797388076782,1.2965334057807922,1.2654030323028564,0.10164177045226097,0.1598343588411808,0.125257670879364,0.1472112499177456,0.1756177432835102,0.23681829497218132,0.1859433688223362,0.20858857408165932,0.22646471858024597,0.20074855536222458,1,1,1,1,1,0,1,1,1,1
2017-07-31,1.2797780632972717,1.329501211643219,1.4212235808372498,1.1413629651069641,1.313058853149414,1.4404940605163574,1.4375683069229126,1.1034727692604065,1.3269102573394775,1.3234222531318665,0.09044542163610458,0.18509669043123722,0.13015996292233467,0.1315835937857628,0.20530475676059723,0.22628478705883026,0.1979164555668831,0.22880317643284798,0.26116999238729477,0.2147800698876381,1,1,1,1,1,0,1,1,1,1
2017-08-01,1.2737552523612976,1.322451889514923,1.4235170483589172,1.1482554078102112,1.3059512972831726,1.460592806339264,1.4493181705474854,1.1158743798732758,1.3363970518112183,1.3211268186569214,0.0838598795235157,0.15063676983118057,0.11336583830416203,0.1278311163187027,0.17836883664131165,0.23084353283047676,0.16863129660487175,0.1950610689818859,0.20650473982095718,0.19638485461473465,1,1,1,1,1,0,1,1,1,1
2017-08-02,1.2736437320709229,1.3347655534744263,1.4263391494750977,1.1603036522865295,1.2989352941513062,1.449878990650177,1.4533520936965942,1.123414397239685,1.3400583863258362,1.3251307606697083,0.10380027815699577,0.18183916620910168,0.13065077736973763,0.14558551087975502,0.1980096474289894,0.22884412854909897,0.19076595455408096,0.22799671441316605,0.237458273768425,0.20550372824072838,1,1,1,1,1,0,1,1,1,1
2017-08-03,1.2817887663841248,1.3206778764724731,1.4299678802490234,1.1544296145439148,1.3092716336250305,1.4478017687797546,1.4450878500938416,1.1098085045814514,1.3338220715522766,1.3143973350524902,0.09096669405698776,0.17204142175614834,0.11813681200146675,0.13101589679718018,0.1801733337342739,0.21943729743361473,0.16354402154684067,0.22921225428581238,0.20640632137656212,0.1885755956172943,1,1,1,1,1,0,1,1,1,1
2017-08-04,1.2830007672309875,1.3379926681518555,1.4417313933372498,1.1520542204380035,1.3150910139083862,1.4404261112213135,1.456852376461029,1.126140147447586,1.3338447213172913,1.3289068937301636,0.10527621023356915,0.17115083523094654,0.12116702646017075,0.13636019453406334,0.18792351707816124,0.2206762544810772,0.17969464510679245,0.2219579704105854,0.24524379521608353,0.2144719734787941,1,1,1,1,1,0,1,1,1,1
2017-08-07,1.266389012336731,1.301963746547699,1.4192715883255005,1.1317720711231232,1.3011837601661682,1.4824148416519165,1.4360702633857727,1.1016619205474854,1.3317488431930542,1.316066861152649,0.0915257427841425,0.16131694614887238,0.11723300069570541,0.1402462050318718,0.1831151694059372,0.21221617236733437,0.16555390134453773,0.20962286368012428,0.2153463289141655,0.2042914368212223,1,1,1,1,1,0,1,1,1,1
2017-08-08,1.2704288959503174,1.3204854130744934,1.4344599843025208,1.137417495250702,1.3034047484397888,1.4419845342636108,1.44295734167099,1.1048304438591003,1.3336004614830017,1.3176621198654175,0.1026250533759594,0.17667286284267902,0.1282344665378332,0.14937717095017433,0.18814437091350555,0.19902372919023037,0.17478055506944656,0.21841756254434586,0.22975265234708786,0.2127360999584198,1,1,1,1,1,0,1,1,1,1
2017-08-09,1.264657974243164,1.3063631057739258,1.420465350151062,1.1419966220855713,1.3021750450134277,1.4587680101394653,1.4477044343948364,1.115911602973938,1.3419317603111267,1.3271768689155579,0.10454903915524483,0.17029941268265247,0.14000357314944267,0.15853214263916016,0.19740723446011543,0.2548094317317009,0.1959579810500145,0.22121647000312805,0.23455390334129333,0.22324593365192413,1,1,1,1,1,0,1,1,1,1
2017-08-10,1.2915130257606506,1.352694571018219,1.445451557636261,1.1811533570289612,1.3322280645370483,1.42532879114151,1.4811031818389893,1.1343173682689667,1.355368971824646,1.3479559421539307,0.11107208952307701,0.18338507786393166,0.15063221752643585,0.14728029817342758,0.21335997059941292,0.26314249634742737,0.23294612765312195,0.23641132935881615,0.27637680619955063,0.2300625666975975,1,1,1,1,1,0,1,1,1,1
2017-08-11,1.2680525183677673,1.2994256019592285,1.4255324006080627,1.1630768477916718,1.3217557072639465,1.4691919684410095,1.4451851844787598,1.0996293723583221,1.3307947516441345,1.317176342010498,0.1267065592110157,0.21558405458927155,0.15302130579948425,0.1733022816479206,0.22084662318229675,0.24997949227690697,0.19042730703949928,0.2686901204288006,0.2611355409026146,0.22352848574519157,1,1,1,1,1,0,1,1,1,1
2017-08-14,1.2619220614433289,1.3134821057319641,1.4197428226470947,1.1338099539279938,1.305707573890686,1.4408130645751953,1.4327841401100159,1.1014654040336609,1.334735929965973,1.312971591949463,0.12440277636051178,0.2018851861357689,0.1476692333817482,0.1721932627260685,0.21101268008351326,0.2174403890967369,0.1793663129210472,0.2416459657251835,0.27495014667510986,0.23074086755514145,1,1,1,1,1,0,1,1,1,1
2017-08-15,1.2809258699417114,1.3201817274093628,1.4327368140220642,1.1652747988700867,1.3090789914131165,1.4380123615264893,1.4531382322311401,1.1174689531326294,1.334763765335083,1.329395592212677,0.12333749234676361,0.2028114590793848,0.15593764185905457,0.17860277742147446,0.21189004182815552,0.23569779470562935,0.1866990216076374,0.2562352269887924,0.2525953873991966,0.2183617725968361,1,1,1,1,1,0,1,1,1,1
2017-08-16,1.263970971107483,1.3199787735939026,1.4289588332176208,1.1370528936386108,1.319096028804779,1.41830712556839,1.4440144300460815,1.0948511362075806,1.32825767993927,1.3095835447311401,0.10665353015065193,0.17645838297903538,0.1509065255522728,0.1773722916841507,0.20482902228832245,0.2569073550403118,0.19740092009305954,0.21994519978761673,0.2720769867300987,0.22692275792360306,1,1,1,1,1,0,1,1,1,1
2017-08-17,1.250571608543396,1.3056703805923462,1.4174756407737732,1.1452073752880096,1.2891302108764648,1.4629657864570618,1.4407705664634705,1.0919113457202911,1.3327136039733887,1.3086698055267334,0.10285641252994537,0.17836696095764637,0.1540997512638569,0.17786818742752075,0.2114596590399742,0.2614467591047287,0.19896801561117172,0.23534885421395302,0.24082975089550018,0.217369195073843,1,1,1,1,1,0,1,1,1,1
2017-08-18,1.290273904800415,1.332834243774414,1.460229516029358,1.1765263676643372,1.3361281752586365,1.4799201488494873,1.4790005683898926,1.1085306406021118,1.3467782735824585,1.327962040901184,0.13217147812247276,0.19999774545431137,0.1504933461546898,0.17416369915008545,0.21048476547002792,0.2524042837321758,0.19955812767148018,0.2684684954583645,0.26560597121715546,0.23024865239858627,1,1,1,1,1,0,1,1,1,1
2017-08-21,1.2830786108970642,1.3261616826057434,1.4296417236328125,1.1507903635501862,1.3172506093978882,1.4215679168701172,1.4581158757209778,1.1201901137828827,1.3461496233940125,1.3295645713806152,0.11711710691452026,0.1894829086959362,0.1695082001388073,0.1792314201593399,0.2175804264843464,0.23630603402853012,0.20577002689242363,0.2412988878786564,0.2633376121520996,0.22407057136297226,1,1,1,1,1,0,1,1,1,1
2017-08-22,1.2747958898544312,1.331531822681427,1.434278666973114,1.1492003202438354,1.3137996792793274,1.4612493515014648,1.4548192024230957,1.105593204498291,1.346551775932312,1.3189402222633362,0.11214019730687141,0.16611555218696594,0.14323004335165024,0.1782328337430954,0.20624640583992004,0.25208643451333046,0.21482309699058533,0.2213646061718464,0.244194395840168,0.22827358543872833,1,1,1,1,1,0,1,1,1,1
2017-08-23,1.2747322916984558,1.321423053741455,1.4434154033660889,1.130814015865326,1.321951985359192,1.447783350944519,1.44521564245224,1.1029654145240784,1.3308626413345337,1.3074416518211365,0.13289081305265427,0.19291777536273003,0.15633710101246834,0.19610176980495453,0.2141890898346901,0.24980631843209267,0.19641131907701492,0.23948632553219795,0.2583707273006439,0.22593454271554947,1,1,1,1,1,0,1,1,1,1
2017-08-24,1.2781690955162048,1.3185125589370728,1.4430608749389648,1.1405796110630035,1.3225646615028381,1.4633561968803406,1.4571996331214905,1.1012187004089355,1.3322444558143616,1.3200120329856873,0.11669974401593208,0.2003289833664894,0.15315187349915504,0.17371421307325363,0.21713192760944366,0.2351454719901085,0.2086564153432846,0.2680657394230366,0.24830541014671326,0.23896580934524536,1,1,1,1,1,0,1,1,1,1
2017-08-25,1.2383677959442139,1.3006792068481445,1.3863226175308228,1.1042234003543854,1.269353449344635,1.4471563696861267,1.415651559829712,1.06443852186203,1.3131881356239319,1.2929279208183289,0.09250690788030624,0.1709965579211712,0.15389252081513405,0.16975335031747818,0.1943967081606388,0.2444673478603363,0.21330860257148743,0.24402844905853271,0.24986985325813293,0.20859304070472717,1,1,1,1,1,0,1,1,1,1
2017-08-28,1.256446659564972,1.329163908958435,1.4330922961235046,1.1251811385154724,1.3039387464523315,1.434827446937561,1.4481947422027588,1.1083572804927826,1.3281113505363464,1.314698576927185,0.10208968818187714,0.17713124863803387,0.15650755539536476,0.166297759860754,0.21225332468748093,0.2704862989485264,0.19953343272209167,0.21681206300854683,0.26522474735975266,0.23219291865825653,1,1,1,1,1,0,1,1,1,1
2017-08-29,1.2547762393951416,1.311544120311737,1.4046987295150757,1.1203757524490356,1.281007707118988,1.4578266739845276,1.4387736916542053,1.0833009481430054,1.3236725330352783,1.2994809746742249,0.1189408078789711,0.1790255680680275,0.16402753069996834,0.1929466649889946,0.21113333478569984,0.25966236367821693,0.2184033878147602,0.2658572755753994,0.2639601603150368,0.23037392273545265,1,1,1,1,1,0,1,1,1,1
2017-08-30,1.2364821434020996,1.2896995544433594,1.3920773267745972,1.0977352857589722,1.28510582447052,1.467229962348938,1.4222585558891296,1.0627756714820862,1.3033647537231445,1.2892547845840454,0.1264270320534706,0.20671645179390907,0.16623250767588615,0.1890368014574051,0.21634846925735474,0.25967784598469734,0.22257784008979797,0.28974097967147827,0.2548583745956421,0.24474932253360748,1,1,1,1,1,0,1,1,1,1
2017-08-31,1.2566750645637512,1.3254562616348267,1.4185600876808167,1.1262086033821106,1.2935408353805542,1.4451597332954407,1.4508787393569946,1.0986834466457367,1.3329755663871765,1.3109004497528076,0.09942933544516563,0.17438040487468243,0.1556379348039627,0.17755170166492462,0.2141072079539299,0.26287389546632767,0.214621439576149,0.237336877733469,0.25812381505966187,0.2269674837589264,1,1,1,1,1,0,1,1,1,1
2017-09-01,1.242861568927765,1.3200896978378296,1.4122233390808105,1.1172885596752167,1.2899791598320007,1.4400254487991333,1.4429289102554321,1.0884710550308228,1.3272250890731812,1.2933955192565918,0.11458653584122658,0.18297605402767658,0.16771827265620232,0.1814211681485176,0.22359884902834892,0.26721932739019394,0.2118207886815071,0.2556532099843025,0.26245760172605515,0.24870774894952774,1,1,1,1,1,0,1,1,1,1
2017-09-05,1.2634427547454834,1.336911678314209,1.4348902106285095,1.1300195753574371,1.3191244006156921,1.454041600227356,1.4616997838020325,1.107527643442154,1.346226990222931,1.319799542427063,0.13701331615447998,0.2037735991179943,0.16609035432338715,0.18857969343662262,0.2264358066022396,0.27571938931941986,0.22366125881671906,0.2752588503062725,0.2992682307958603,0.2595769986510277,1,1,1,1,1,0,1,1,1,1
2017-09-06,1.250550925731659,1.3102678656578064,1.4077858328819275,1.1076066493988037,1.2902014255523682,1.4887282252311707,1.4326497316360474,1.0775960981845856,1.3155598044395447,1.2956411838531494,0.12773464247584343,0.1992538645863533,0.15638414397835732,0.19803010672330856,0.23096473142504692,0.28314825147390366,0.23252291977405548,0.27293746173381805,0.2780264914035797,0.2633992061018944,1,1,1,1,1,0,1,1,1,1
2017-09-07,1.2531940340995789,1.3213123679161072,1.4081636667251587,1.102560818195343,1.2958903908729553,1.4398236870765686,1.4383288621902466,1.0846498012542725,1.3213385343551636,1.3029990792274475,0.10633456334471703,0.18103415332734585,0.15270355343818665,0.1764954850077629,0.21315477788448334,0.25924765318632126,0.20861143246293068,0.24637537822127342,0.27399560809135437,0.25127364695072174,1,1,1,1,1,0,1,1,1,1
2017-09-08,1.2479393482208252,1.3030959367752075,1.3944761753082275,1.0905381739139557,1.2882068753242493,1.4368085265159607,1.4159387946128845,1.0691289901733398,1.3108261227607727,1.2816212177276611,0.14561401680111885,0.27403872460126877,0.19200104847550392,0.2118401974439621,0.25593841075897217,0.25218771025538445,0.23728526383638382,0.28373977541923523,0.3194732740521431,0.2649410143494606,1,1,1,1,1,0,1,1,1,1
2017-09-11,1.2243834137916565,1.2750457525253296,1.3646307587623596,1.0789236426353455,1.2507651448249817,1.444264531135559,1.4026476740837097,1.0462922751903534,1.301704227924347,1.2602865099906921,0.1269681081175804,0.19611872732639313,0.18758074194192886,0.22066106647253036,0.2273913249373436,0.2712284028530121,0.23948875069618225,0.2832859978079796,0.28530994057655334,0.26434917747974396,1,1,1,1,1,0,1,1,1,1
2017-09-12,1.2612395882606506,1.3074249029159546,1.409733533859253,1.1213002502918243,1.2927249073982239,1.459204614162445,1.4464318752288818,1.093157947063446,1.3176307678222656,1.3026905059814453,0.13261881843209267,0.20982864126563072,0.18852124363183975,0.199821837246418,0.24859651923179626,0.27270476520061493,0.2322193831205368,0.28397221490740776,0.3064473643898964,0.2717836946249008,1,1,1,1,1,0,1,1,1,1
2017-09-13,1.260278046131134,1.3139715790748596,1.4156059622764587,1.110126405954361,1.3048115968704224,1.4667362570762634,1.4510722160339355,1.0850483179092407,1.3236446976661682,1.3025144934654236,0.11865847185254097,0.18700191378593445,0.1732831820845604,0.1942545473575592,0.21460366249084473,0.28469131514430046,0.2266848310828209,0.2675049528479576,0.28372885286808014,0.24720490723848343,1,1,1,1,1,0,1,1,1,1
2017-09-14,1.2614325284957886,1.3175153732299805,1.4262955784797668,1.1266277134418488,1.2986186146736145,1.4411948919296265,1.4528924226760864,1.097021371126175,1.3207805156707764,1.3154919147491455,0.1248546652495861,0.20198389887809753,0.18301577121019363,0.20141258835792542,0.2501203157007694,0.2748815082013607,0.22920075058937073,0.26549623534083366,0.30968330055475235,0.2673302963376045,1,1,1,1,1,0,1,1,1,1
2017-09-15,1.2479809522628784,1.2939442992210388,1.4054026007652283,1.1075899004936218,1.2909929752349854,1.4835659861564636,1.4393975138664246,1.0716895759105682,1.3071678280830383,1.2991323471069336,0.11918263509869576,0.20559019036591053,0.17268597334623337,0.19877520203590393,0.22214844822883606,0.276872955262661,0.22639957070350647,0.2760671079158783,0.29726991057395935,0.25347400456666946,1,1,1,1,1,0,1,1,1,1
2017-09-18,1.2443040013313293,1.2916497588157654,1.4014025330543518,1.086720496416092,1.2868095636367798,1.4530060291290283,1.4316917657852173,1.0750919878482819,1.315746545791626,1.2913424968719482,0.12269759550690651,0.20982278883457184,0.18285273760557175,0.20318739116191864,0.23558440804481506,0.27687767520546913,0.23579954355955124,0.2576407268643379,0.2929852604866028,0.26712238043546677,1,1,1,1,1,0,1,1,1,1
2017-09-19,1.2469574809074402,1.3322173953056335,1.4230875372886658,1.112026035785675,1.3057218790054321,1.4192662835121155,1.4550880789756775,1.0916545391082764,1.3262829184532166,1.3017017245292664,0.1348922811448574,0.1947907768189907,0.19782591611146927,0.22540344297885895,0.24081218987703323,0.311791330575943,0.24706000089645386,0.2668682560324669,0.3275975212454796,0.2764478176832199,1,1,1,1,1,0,1,1,1,1
2017-09-20,1.246607780456543,1.3106555938720703,1.4151513576507568,1.1267938315868378,1.2909166812896729,1.432261347770691,1.449876844882965,1.09731787443161,1.31504625082016,1.3037980794906616,0.1478217989206314,0.2212209701538086,0.20257660001516342,0.22087779641151428,0.26179638504981995,0.2732696160674095,0.2503993362188339,0.29094623029232025,0.31986216455698013,0.29178953170776367,1,1,1,1,1,0,1,1,1,1
2017-09-21,1.279156506061554,1.3316434025764465,1.4385942220687866,1.1311659514904022,1.3096004128456116,1.4390267133712769,1.465380311012268,1.1176341772079468,1.3183662295341492,1.3306549787521362,0.1425652839243412,0.23487748205661774,0.19680791348218918,0.21369782090187073,0.26885560899972916,0.2913208603858948,0.26767196506261826,0.2946169674396515,0.331071600317955,0.2879602611064911,1,1,1,1,1,0,1,1,1,1
2017-09-22,1.21925550699234,1.2858495712280273,1.3805030584335327,1.0847338140010834,1.2513489723205566,1.4467605352401733,1.4106230735778809,1.066477358341217,1.2883960604667664,1.28327077627182,0.12455935031175613,0.2017744742333889,0.19233329966664314,0.23086649179458618,0.2489391714334488,0.2945232391357422,0.2503307834267616,0.2769698165357113,0.32597171515226364,0.28394700586795807,1,1,1,1,1,0,1,1,1,1
2017-09-25,1.227876365184784,1.2960487008094788,1.3923977613449097,1.0919505059719086,1.266587257385254,1.4313346147537231,1.42426198720932,1.081861823797226,1.3084958791732788,1.29024738073349,0.14510028436779976,0.20980775728821754,0.2183181643486023,0.24315344542264938,0.25939904898405075,0.3053911626338959,0.25947845727205276,0.27961263805627823,0.33168911188840866,0.28546134382486343,1,1,1,1,1,0,1,1,1,1
2017-09-26,1.2442777156829834,1.3132909536361694,1.4084687232971191,1.1086287200450897,1.2883209586143494,1.4344643354415894,1.4484552145004272,1.071471929550171,1.304534912109375,1.308133840560913,0.15217849239706993,0.21454046666622162,0.21786631643772125,0.2357448935508728,0.26728571206331253,0.27440356463193893,0.25362489372491837,0.297516830265522,0.365313820540905,0.30740995705127716,1,1,1,1,1,0,1,1,1,1
2017-09-27,1.2369758486747742,1.315673589706421,1.4015227556228638,1.1026411950588226,1.289799988269806,1.4163199067115784,1.4514355063438416,1.0716584622859955,1.3008098006248474,1.2864460945129395,0.1952817365527153,0.25109436362981796,0.2653364911675453,0.2833392173051834,0.29224975407123566,0.31129316985607147,0.3327188938856125,0.3372950777411461,0.3991801589727402,0.3300617039203644,1,1,1,1,1,0,1,1,1,1
2017-09-28,1.253251850605011,1.3326662182807922,1.4268644452095032,1.1205886900424957,1.306627094745636,1.4803962707519531,1.4696118235588074,1.0974273383617401,1.3087571859359741,1.3132684826850891,0.1597275584936142,0.23046662658452988,0.20546767115592957,0.24362589418888092,0.2707802727818489,0.3460342735052109,0.2748822271823883,0.30623527616262436,0.3523961901664734,0.29682882875204086,1,1,1,1,1,0,1,1,1,1
2017-09-29,1.2572999000549316,1.3386478424072266,1.436158835887909,1.131439745426178,1.3122371435165405,1.4436507821083069,1.477229654788971,1.1044009923934937,1.3234646916389465,1.3202742338180542,0.17211344838142395,0.23810666427016258,0.2103915922343731,0.2386106476187706,0.2586226165294647,0.31267185136675835,0.2770554944872856,0.2981869876384735,0.3623684495687485,0.3101300671696663,1,1,1,1,1,0,1,1,1,1
2017-10-02,1.231583833694458,1.2916057109832764,1.3904356360435486,1.0807360112667084,1.2734344005584717,1.43990820646286,1.4328089952468872,1.0647121965885162,1.3012782335281372,1.2859038710594177,0.1430458165705204,0.19730089232325554,0.21065443754196167,0.24595016986131668,0.2609023004770279,0.30981965363025665,0.26290811598300934,0.2921989783644676,0.3446677327156067,0.2918991893529892,1,1,1,1,1,0,1,1,1,1
2017-10-03,1.2279934287071228,1.2832965850830078,1.3658288717269897,1.0782079994678497,1.2455946207046509,1.4325013160705566,1.4120087027549744,1.0604692101478577,1.2780559659004211,1.2788819074630737,0.15631930530071259,0.22404946014285088,0.2507470026612282,0.2728421315550804,0.30425431579351425,0.3305653780698776,0.30807342380285263,0.32342420518398285,0.38917966187000275,0.3383501097559929,1,1,1,1,1,0,1,1,1,1
2017-10-04,1.2635960578918457,1.3120259642601013,1.43319171667099,1.1138186156749725,1.315851867198944,1.472912073135376,1.4559091329574585,1.0913478136062622,1.3070278763771057,1.3215624690055847,0.1880447342991829,0.2554728463292122,0.22914011031389236,0.2606981098651886,0.28533072769641876,0.2900010272860527,0.2696048989892006,0.3344552218914032,0.3673506826162338,0.3352288603782654,1,1,1,1,1,0,1,1,1,1
2017-10-05,1.2649464011192322,1.3255964517593384,1.4218714237213135,1.1105448603630066,1.3066186904907227,1.4386907815933228,1.4559639692306519,1.0919581651687622,1.3122925758361816,1.3105864524841309,0.2014218270778656,0.27204689010977745,0.2756735533475876,0.30301089584827423,0.32571206241846085,0.3081832528114319,0.3300817161798477,0.3486594036221504,0.43771377205848694,0.36775946617126465,1,1,1,1,1,0,1,1,1,1
2017-10-06,1.242376446723938,1.3028610944747925,1.4042832851409912,1.0819382667541504,1.28714257478714,1.4466310739517212,1.4401389956474304,1.072056919336319,1.2995826601982117,1.2931328415870667,0.15750876814126968,0.2153751328587532,0.21405484527349472,0.2374904453754425,0.2660163566470146,0.3319116309285164,0.26405006647109985,0.2896115258336067,0.3737134486436844,0.32251035422086716,1,1,1,1,1,0,1,1,1,1
2017-10-09,1.1967660188674927,1.271708905696869,1.3733859062194824,1.0552802085876465,1.2551901936531067,1.446420967578888,1.3931065201759338,1.0324490070343018,1.25783771276474,1.2466375827789307,0.19349372386932373,0.25888240709900856,0.23006857931613922,0.26760871708393097,0.29051248729228973,0.3426392450928688,0.27916688472032547,0.3203101307153702,0.3904574513435364,0.32735706120729446,1,1,1,1,1,0,1,1,1,1
2017-10-10,1.2436735033988953,1.3010684251785278,1.3891293406486511,1.0796493291854858,1.2738012075424194,1.4286253452301025,1.4235233068466187,1.0755506753921509,1.296284258365631,1.283438801765442,0.18489380180835724,0.244511429220438,0.26161062717437744,0.2939794659614563,0.30553627014160156,0.35390904545783997,0.34005099534988403,0.33082422614097595,0.4347213953733444,0.3531676232814789,1,1,1,1,1,0,1,1,1,1
2017-10-11,1.2460125088691711,1.3148597478866577,1.424977421760559,1.0812065303325653,1.3017500638961792,1.4257960319519043,1.4357990026474,1.0735582411289215,1.3022452592849731,1.2952861189842224,0.172596774995327,0.2153419330716133,0.23840603232383728,0.28345146030187607,0.2796076610684395,0.32511140406131744,0.2970495671033859,0.2949236184358597,0.394532710313797,0.33515651524066925,1,1,1,1,1,0,1,1,1,1
2017-10-12,1.2301547527313232,1.3052709102630615,1.388824701309204,1.0862682461738586,1.2722612023353577,1.4511242508888245,1.429329752922058,1.0712423622608185,1.2947239875793457,1.2748520970344543,0.1765289604663849,0.22449741885066032,0.23069436848163605,0.256366066634655,0.27992986887693405,0.3242596909403801,0.2945922687649727,0.3215477094054222,0.36898620426654816,0.3322201445698738,1,1,1,1,1,0,1,1,1,1
2017-10-13,1.2110995054244995,1.2726269364356995,1.3770108222961426,1.0639900863170624,1.2442523837089539,1.4466102123260498,1.4055535197257996,1.06056609749794,1.282442569732666,1.2661976218223572,0.17905884981155396,0.22790304571390152,0.25867810100317,0.29461003094911575,0.30919793993234634,0.35967712849378586,0.30682024359703064,0.3421980291604996,0.3869871720671654,0.36887648701667786,1,1,1,1,1,0,1,1,1,1
2017-10-16,1.2441508769989014,1.3085547089576721,1.409182846546173,1.10502028465271,1.2830132842063904,1.4595860838890076,1.4518749713897705,1.0790692269802094,1.2926118969917297,1.2981448769569397,0.18593335151672363,0.2452462799847126,0.26557666063308716,0.29723306000232697,0.30716337263584137,0.32918255776166916,0.32334842532873154,0.3633926287293434,0.40156951546669006,0.34901881217956543,1,1,1,1,1,0,1,1,1,1
2017-10-17,1.2346158027648926,1.3065968751907349,1.403316617012024,1.082773208618164,1.2766295671463013,1.4291366934776306,1.4324806332588196,1.0554187297821045,1.2783825397491455,1.283333659172058,0.19949787855148315,0.23874203488230705,0.2582685053348541,0.2944100350141525,0.300081305205822,0.342731349170208,0.3121147006750107,0.3540863022208214,0.42910419404506683,0.3495986610651016,1,1,1,1,1,0,1,1,1,1
2017-10-18,1.2279459834098816,1.2958727478981018,1.3949827551841736,1.0913472473621368,1.2760599255561829,1.4369919300079346,1.4401278495788574,1.0782062113285065,1.2960006594657898,1.284019947052002,0.19435372203588486,0.2446930594742298,0.26422469317913055,0.2982429713010788,0.28914301842451096,0.3571327328681946,0.321232371032238,0.3554307669401169,0.40326400101184845,0.33680932968854904,1,1,1,1,1,0,1,1,1,1
2017-10-19,1.2588492631912231,1.3274832367897034,1.4262604117393494,1.1139169335365295,1.3046188950538635,1.4464613199234009,1.4717932343482971,1.0891477465629578,1.3110597133636475,1.3134822845458984,0.20373453944921494,0.24564195796847343,0.285270519554615,0.28933142125606537,0.3179241716861725,0.33801132440567017,0.33438830077648163,0.3416750580072403,0.40890341997146606,0.3534190505743027,1,1,1,1,1,0,1,1,1,1
2017-10-20,1.253645420074463,1.3276315331459045,1.4295781254768372,1.1191283464431763,1.3069496154785156,1.4420550465583801,1.479057490825653,1.0929955840110779,1.3120934963226318,1.30526465177536,0.22016361355781555,0.2759988605976105,0.27509505301713943,0.31835319101810455,0.32546449452638626,0.37399718910455704,0.362780436873436,0.41609859466552734,0.4311235398054123,0.3894863575696945,1,1,1,1,1,0,1,1,1,1
2017-10-23,1.2270145416259766,1.2923831939697266,1.3761138319969177,1.0624996423721313,1.2493382096290588,1.4494003653526306,1.4257136583328247,1.0514093935489655,1.2906113266944885,1.2565926909446716,0.17892449349164963,0.22037138044834137,0.26871898770332336,0.32905229926109314,0.30400318652391434,0.3651294484734535,0.3377396762371063,0.35153230279684067,0.41083602607250214,0.36005010455846786,1,1,1,1,1,0,1,1,1,1
2017-10-24,1.2552364468574524,1.3307440280914307,1.4254742860794067,1.0892274975776672,1.297302782535553,1.4222290515899658,1.4597901701927185,1.075117141008377,1.294144093990326,1.3009775876998901,0.21431336551904678,0.24887996166944504,0.2828315421938896,0.3181334137916565,0.3050883635878563,0.36499669402837753,0.3467204421758652,0.35978296399116516,0.47200924158096313,0.35895510017871857,1,1,1,1,1,0,1,1,1,1
2017-10-25,1.2421908974647522,1.3102879524230957,1.4097700119018555,1.0841938853263855,1.2946547269821167,1.4674426317214966,1.4566248655319214,1.0690684020519257,1.2969040274620056,1.2955246567726135,0.20465058833360672,0.261483583599329,0.27337320894002914,0.30730994045734406,0.30869610607624054,0.35196448862552643,0.3227083683013916,0.3751644790172577,0.40545113384723663,0.3520044684410095,1,1,1,1,1,0,1,1,1,1
2017-10-26,1.2077959179878235,1.2733357548713684,1.3635655045509338,1.043107956647873,1.2327936291694641,1.4416512846946716,1.4041690826416016,1.0303110182285309,1.263955533504486,1.2516858577728271,0.22162014245986938,0.2664564326405525,0.31087393313646317,0.3644638657569885,0.34306107461452484,0.3579128086566925,0.3607761710882187,0.3878195136785507,0.4884399026632309,0.3959653377532959,1,1,1,1,1,0,1,1,1,1
2017-10-27,1.2354998588562012,1.3149734139442444,1.400150716304779,1.076946884393692,1.287792980670929,1.4497093558311462,1.4382140636444092,1.0537326037883759,1.2786461114883423,1.2809325456619263,0.22256796807050705,0.27699728310108185,0.2928694114089012,0.3391076773405075,0.33531559258699417,0.35997937619686127,0.35307879745960236,0.39239224791526794,0.47304879128932953,0.40246522426605225,1,1,1,1,1,0,1,1,1,1
2017-10-30,1.2367241978645325,1.3056779503822327,1.4111113548278809,1.079421490430832,1.2864777445793152,1.4102421998977661,1.427466094493866,1.0690167248249054,1.2492966055870056,1.2759243845939636,0.25678248703479767,0.3221589922904968,0.29716304689645767,0.3146095722913742,0.36889323592185974,0.37804996222257614,0.34414348006248474,0.3966352194547653,0.48330333828926086,0.42370784282684326,1,1,1,1,1,0,1,1,1,1
2017-10-31,1.2295460104942322,1.3067116737365723,1.3917902112007141,1.0687486827373505,1.2824867367744446,1.4197156429290771,1.4368839263916016,1.0685870945453644,1.2766003608703613,1.280670404434204,0.2052362561225891,0.2481096386909485,0.2724607065320015,0.30121462047100067,0.31606558710336685,0.3553263545036316,0.32530874758958817,0.35644011944532394,0.4447784423828125,0.3782046437263489,1,1,1,1,1,0,1,1,1,1
2017-11-01,1.2209345698356628,1.306819200515747,1.3883188366889954,1.0720300674438477,1.270445168018341,1.4368587136268616,1.435616135597229,1.0618517994880676,1.2839044332504272,1.2752840518951416,0.21732936799526215,0.25599561631679535,0.30342818796634674,0.3471372425556183,0.35874366760253906,0.3787677586078644,0.3809269070625305,0.379369780421257,0.5065087676048279,0.414894163608551,1,1,1,1,1,0,1,1,1,1
2017-11-02,1.20160374045372,1.287249207496643,1.3665288090705872,1.0488289892673492,1.2399644255638123,1.454676330089569,1.4097477793693542,1.0374711751937866,1.2642356157302856,1.2478846311569214,0.22753961384296417,0.26122016459703445,0.2940797284245491,0.36589638888835907,0.33841774612665176,0.3879292383790016,0.36727648973464966,0.389411523938179,0.4680270701646805,0.4014175087213516,1,1,1,1,1,0,1,1,1,1
2017-11-03,1.2469011545181274,1.3212816715240479,1.4145584106445312,1.084181308746338,1.3110315203666687,1.4594416618347168,1.4480714797973633,1.0876111686229706,1.3006911873817444,1.2933952808380127,0.23397643864154816,0.2549188621342182,0.307899110019207,0.35408952832221985,0.34016672521829605,0.37292513996362686,0.37476857006549835,0.3816576972603798,0.45127277076244354,0.3998929262161255,1,1,1,1,1,0,1,1,1,1
2017-11-06,1.2623739838600159,1.3351377248764038,1.4314263463020325,1.0974135100841522,1.3284988403320312,1.4331423044204712,1.4579641222953796,1.100209355354309,1.274435043334961,1.2881557941436768,0.26657620817422867,0.3209587186574936,0.35044991225004196,0.36778105795383453,0.3827872723340988,0.3813939169049263,0.4123469293117523,0.4101817458868027,0.5192212015390396,0.4152200520038605,1,1,1,1,1,0,1,1,1,1
2017-11-07,1.2091296315193176,1.299138069152832,1.3790329694747925,1.0598308444023132,1.266135334968567,1.4607543349266052,1.4240446090698242,1.057450532913208,1.268925666809082,1.246782660484314,0.2525281757116318,0.26720423623919487,0.32070963084697723,0.37934307754039764,0.34839407354593277,0.418785460293293,0.38629239797592163,0.3886832743883133,0.48413555324077606,0.41740256547927856,1,1,1,1,1,0,1,1,1,1
2017-11-08,1.2318899035453796,1.318036437034607,1.3937665224075317,1.0624179244041443,1.2838041186332703,1.442466378211975,1.4353262186050415,1.0745954513549805,1.2972580194473267,1.2645494937896729,0.25666893273591995,0.248625036329031,0.3329150527715683,0.3934751898050308,0.3375060334801674,0.4059172347187996,0.4090340733528137,0.4035932123661041,0.4569406658411026,0.4131844788789749,1,1,1,1,1,0,1,1,1,1
2017-11-09,1.2345693111419678,1.299362063407898,1.4003592729568481,1.0624395310878754,1.2809640765190125,1.4340550303459167,1.4320247173309326,1.065188229084015,1.2731765508651733,1.272350013256073,0.24147683382034302,0.2884836345911026,0.3480572775006294,0.38463813066482544,0.36576785892248154,0.38965480774641037,0.4148949980735779,0.4194837063550949,0.49658334255218506,0.41708408296108246,1,1,1,1,1,0,1,1,1,1
2017-11-10,1.2061366140842438,1.2993900775909424,1.37590491771698,1.0551393032073975,1.2555997967720032,1.4362241625785828,1.4221366047859192,1.0597134828567505,1.2771592736244202,1.2493529915809631,0.25639092922210693,0.29443882778286934,0.33903610706329346,0.37619948387145996,0.367837131023407,0.3909742906689644,0.3914628177881241,0.41677355766296387,0.5045592784881592,0.4260891526937485,1,1,1,1,1,0,1,1,1,1
2017-11-13,1.2336106300354004,1.307364284992218,1.4115300178527832,1.0726923048496246,1.2850440740585327,1.46171635389328,1.4524540305137634,1.0880333483219147,1.2933207750320435,1.2780691981315613,0.2792063280940056,0.33203890919685364,0.3361012414097786,0.4002198278903961,0.38888854533433914,0.388421930372715,0.4102427810430527,0.4480522945523262,0.51957206428051,0.46752651035785675,1,1,1,1,1,0,1,1,1,1
2017-11-14,1.2272191047668457,1.2715845108032227,1.3971710205078125,1.0340689420700073,1.276319146156311,1.4612743854522705,1.4188373684883118,1.0374504625797272,1.2854943871498108,1.2539418935775757,0.2562372162938118,0.29146359115839005,0.3499898165464401,0.40457774698734283,0.36752407252788544,0.39393453299999237,0.41218550503253937,0.4101896286010742,0.5167971700429916,0.4595095217227936,1,1,1,1,1,0,1,1,1,1
2017-11-15,1.2284391522407532,1.289141058921814,1.4040732979774475,1.0578721463680267,1.280640721321106,1.4577412605285645,1.4398002624511719,1.0481019914150238,1.263169765472412,1.2578208446502686,0.2562686577439308,0.2800815775990486,0.32136744260787964,0.38670000433921814,0.35748498886823654,0.39098377525806427,0.3908267766237259,0.42870132625102997,0.4907049983739853,0.4071808010339737,1,1,1,1,1,0,1,1,1,1
2017-11-16,1.2440678477287292,1.302792727947235,1.397864580154419,1.057403326034546,1.2677359580993652,1.4638205170631409,1.4433899521827698,1.0638073980808258,1.270228922367096,1.2761642336845398,0.23767465353012085,0.2573304735124111,0.3240341767668724,0.3768298327922821,0.3690957874059677,0.44068295508623123,0.39679543673992157,0.42644570767879486,0.4960770010948181,0.40967606008052826,1,1,1,1,1,0,1,1,1,1
2017-11-17,1.2236255407333374,1.305281639099121,1.3962603211402893,1.0523588955402374,1.2674874663352966,1.4423505067825317,1.4414511322975159,1.0434259176254272,1.2707602977752686,1.2685851454734802,0.24944154173135757,0.28861309960484505,0.3617485612630844,0.4245665967464447,0.37243296951055527,0.3895440474152565,0.42671072483062744,0.45016126334667206,0.5344531089067459,0.451648086309433,1,1,1,1,1,0,1,1,1,1
2017-11-20,1.2390848994255066,1.3028221726417542,1.4127095341682434,1.0483945310115814,1.2808771133422852,1.4564584493637085,1.4409042000770569,1.055886447429657,1.2805737853050232,1.2741517424583435,0.2745291590690613,0.26758497580885887,0.35587281733751297,0.41779500246047974,0.3656522408127785,0.42480573058128357,0.4178168475627899,0.41310708224773407,0.5396835058927536,0.44838397204875946,1,1,1,1,1,0,1,1,1,1
2017-11-21,1.21408611536026,1.2816224098205566,1.3911481499671936,1.050573080778122,1.2647045850753784,1.457089900970459,1.426332175731659,1.033895194530487,1.2580031156539917,1.2486831545829773,0.2980283498764038,0.3018346130847931,0.3705228418111801,0.454801470041275,0.39696818590164185,0.46333952248096466,0.46784843504428864,0.4761544317007065,0.586932897567749,0.4694574177265167,1,1,1,1,1,0,1,1,1,1
2017-11-22,1.2150716185569763,1.2916101217269897,1.3802884221076965,1.057166039943695,1.255045771598816,1.4543299674987793,1.4338698387145996,1.0607319474220276,1.2623392343521118,1.2601104974746704,0.2797953858971596,0.32862546294927597,0.3656027019023895,0.40633368492126465,0.41121938824653625,0.41511527448892593,0.4380052387714386,0.47133389115333557,0.5491172224283218,0.48448337614536285,1,1,1,1,1,0,1,1,1,1
2017-11-24,1.201123207807541,1.2831493020057678,1.3737963438034058,1.0412282347679138,1.2463542819023132,1.4296753406524658,1.4227562546730042,1.0353446006774902,1.254496991634369,1.24896639585495,0.2699051573872566,0.2995855063199997,0.3611900582909584,0.41776876151561737,0.37657829374074936,0.39257730543613434,0.41530244052410126,0.44143445789813995,0.5293823331594467,0.4594606012105942,1,1,1,1,1,0,1,1,1,1
2017-11-27,1.2267448902130127,1.2842947244644165,1.3898248076438904,1.061562955379486,1.2589266896247864,1.4409542679786682,1.4310320019721985,1.047583818435669,1.2452767491340637,1.2550798058509827,0.2956673204898834,0.32680321484804153,0.3933831676840782,0.42050914466381073,0.40994422137737274,0.45054327696561813,0.43471376597881317,0.4712798446416855,0.5723258554935455,0.48065754771232605,1,1,1,1,1,0,1,1,1,1
2017-11-28,1.2239134907722473,1.2914132475852966,1.3798036575317383,1.0460990071296692,1.2519561052322388,1.466084361076355,1.432128131389618,1.0489964485168457,1.2716546058654785,1.2612056136131287,0.2658214569091797,0.2799970731139183,0.36887025833129883,0.43143922090530396,0.3955516815185547,0.4390832334756851,0.44019201397895813,0.4593357443809509,0.5615667402744293,0.46728770434856415,1,1,1,1,1,0,1,1,1,1
2017-11-29,1.224378764629364,1.2778271436691284,1.3759254813194275,1.0344873666763306,1.2514407634735107,1.4584722518920898,1.4203532934188843,1.0453664362430573,1.2689958214759827,1.2581294775009155,0.2862548604607582,0.29275670275092125,0.3992152288556099,0.4627426862716675,0.4024970382452011,0.4366244375705719,0.4694206416606903,0.4746005982160568,0.5462658554315567,0.48301732540130615,1,1,1,1,1,0,1,1,1,1
2017-11-30,1.2434515357017517,1.3247893452644348,1.4123771786689758,1.0789132118225098,1.2833514213562012,1.432765543460846,1.464873731136322,1.07201087474823,1.2722675800323486,1.2934020161628723,0.32929377257823944,0.3172273375093937,0.41787999868392944,0.4394621253013611,0.4054364562034607,0.43663327395915985,0.4547758251428604,0.44960513710975647,0.5983286499977112,0.49610427021980286,1,1,1,1,1,0,1,1,1,1
2017-12-01,1.2088435292243958,1.2528510093688965,1.3577211499214172,1.0127578377723694,1.2278074026107788,1.4482314586639404,1.3995112180709839,1.0178431868553162,1.2433621883392334,1.2340368628501892,0.28426745533943176,0.31392962485551834,0.39354559779167175,0.4555211365222931,0.3944702744483948,0.4441540986299515,0.46402880549430847,0.5049981027841568,0.6063817590475082,0.5050818473100662,1,1,1,1,1,0,1,1,1,1
2017-12-04,1.2399545311927795,1.3207055926322937,1.3896484375,1.0778736770153046,1.2634350061416626,1.4391219019889832,1.445610761642456,1.0622387528419495,1.2684796452522278,1.275526225566864,0.3111189156770706,0.3053792119026184,0.42365388572216034,0.45520593225955963,0.42377783358097076,0.44632816314697266,0.49249163269996643,0.49132677912712097,0.6032456457614899,0.5074148178100586,1,1,1,1,1,0,1,1,1,1
2017-12-05,1.2240954041481018,1.3114211559295654,1.3838600516319275,1.0663184523582458,1.2436451315879822,1.391361653804779,1.4326430559158325,1.0626991987228394,1.2569959163665771,1.2689465284347534,0.31468912959098816,0.30340083688497543,0.4596022367477417,0.4966620057821274,0.4514387398958206,0.4774005562067032,0.5118775218725204,0.48434120416641235,0.6243664473295212,0.5167712718248367,1,1,1,1,1,0,1,1,1,1
2017-12-06,1.2137556076049805,1.30023854970932,1.3805492520332336,1.0578567683696747,1.2439157962799072,1.416566014289856,1.4329612851142883,1.046676516532898,1.246179223060608,1.2475458979606628,0.3421248644590378,0.33759357780218124,0.4331669807434082,0.4918429106473923,0.4367500841617584,0.4287294000387192,0.4843498021364212,0.49642516672611237,0.6282192766666412,0.532343327999115,1,1,1,1,1,0,1,1,1,1
2017-12-07,1.2356171011924744,1.338834285736084,1.4166001081466675,1.1037357151508331,1.2802821397781372,1.390954852104187,1.4693270921707153,1.075287014245987,1.2589749097824097,1.2826554775238037,0.3608146905899048,0.36433058977127075,0.43886958062648773,0.4859742820262909,0.4463002532720566,0.4694886654615402,0.5093671381473541,0.5241743326187134,0.671231210231781,0.5627768188714981,1,1,1,1,1,0,1,1,1,1
2017-12-08,1.2189999520778656,1.33397376537323,1.4030520915985107,1.0680354535579681,1.2631340026855469,1.398003876209259,1.4514918327331543,1.0587775707244873,1.259214460849762,1.2662708163261414,0.35826796293258667,0.3376482352614403,0.4191787391901016,0.5009952485561371,0.44627782702445984,0.44993387162685394,0.5072333812713623,0.48909442126750946,0.6838521659374237,0.5756067782640457,1,1,1,1,1,0,1,1,1,1
2017-12-11,1.2250524163246155,1.3143664598464966,1.4128968119621277,1.08284130692482,1.280282199382782,1.4289314150810242,1.459493339061737,1.06825852394104,1.2506557703018188,1.2765877842903137,0.35542887449264526,0.3715193048119545,0.4062654599547386,0.45145106315612793,0.4380149841308594,0.49455077946186066,0.44324231147766113,0.4829898625612259,0.6207541078329086,0.5331114381551743,1,1,1,1,1,0,1,1,1,1
2017-12-12,1.2417020797729492,1.3233503103256226,1.4148578643798828,1.0560091733932495,1.2714240550994873,1.4086816906929016,1.4577677845954895,1.0878548622131348,1.2784611582756042,1.286654770374298,0.329770490527153,0.3099173530936241,0.41989000886678696,0.4767299294471741,0.42391741275787354,0.4741397798061371,0.4830355793237686,0.44922395050525665,0.6604957580566406,0.5392440110445023,1,1,1,1,1,0,1,1,1,1
2017-12-13,1.1962564587593079,1.274226188659668,1.3624563813209534,1.0238473117351532,1.2310269474983215,1.4331018328666687,1.4133793115615845,1.0272571742534637,1.245798945426941,1.2331839799880981,0.33027052879333496,0.31938536465168,0.4383273124694824,0.49543748795986176,0.45613110065460205,0.5028074383735657,0.5161028206348419,0.47149066627025604,0.6601118743419647,0.5358880162239075,1,1,1,1,1,0,1,1,1,1
2017-12-14,1.2141101956367493,1.2899264693260193,1.388513207435608,1.0377107560634613,1.26347416639328,1.4562540650367737,1.4445489645004272,1.045042097568512,1.2635360956192017,1.262614905834198,0.33266201615333557,0.32214517891407013,0.42908918857574463,0.5058458149433136,0.43785029649734497,0.4981798678636551,0.491811603307724,0.5111484676599503,0.6297459453344345,0.5273012816905975,1,1,1,1,1,0,1,1,1,1
2017-12-15,1.1858747005462646,1.2715797424316406,1.351172924041748,1.0046955347061157,1.2195526957511902,1.4101451635360718,1.4097222685813904,1.00995734333992,1.2212361991405487,1.2268884479999542,0.33559106290340424,0.3270636573433876,0.46142496168613434,0.521327555179596,0.45674121379852295,0.48107433319091797,0.5274973958730698,0.5216517150402069,0.6200195997953415,0.5418277084827423,1,1,1,1,1,0,1,1,1,1
2017-12-18,1.1953724026679993,1.2860065698623657,1.3716644048690796,1.051386445760727,1.248316466808319,1.4242371320724487,1.4404664039611816,1.0416825711727142,1.2469000220298767,1.2517452836036682,0.3504803776741028,0.35188598930835724,0.458183228969574,0.4867526739835739,0.45841647684574127,0.4831321984529495,0.5025816559791565,0.5209448486566544,0.6542453765869141,0.5680733323097229,1,1,1,1,1,0,1,1,1,1
2017-12-19,1.221439391374588,1.2911100387573242,1.3837832808494568,1.0305601358413696,1.2573077082633972,1.4580737352371216,1.4383196234703064,1.0473110377788544,1.2641127705574036,1.2553781867027283,0.3420679569244385,0.3158830478787422,0.45075879991054535,0.5355846881866455,0.44576728343963623,0.48154203593730927,0.5305734872817993,0.5404153615236282,0.6420604288578033,0.5637631118297577,1,1,1,1,1,0,1,1,1,1
2017-12-20,1.1950533986091614,1.2755485773086548,1.3682582378387451,1.0182193219661713,1.2458590865135193,1.4502431154251099,1.426145851612091,1.0229374170303345,1.2531931400299072,1.2388774454593658,0.3832366317510605,0.37576695531606674,0.48447538912296295,0.5408314764499664,0.44921666383743286,0.46726395189762115,0.5391738712787628,0.5777898728847504,0.6874733567237854,0.5836712568998337,1,1,1,1,1,0,1,1,1,1
2017-12-21,1.2129361033439636,1.2682493329048157,1.3730635046958923,1.014555811882019,1.2417542934417725,1.4697267413139343,1.418286681175232,1.0218051671981812,1.2425872683525085,1.2356990277767181,0.37463754415512085,0.36773766577243805,0.47236168384552,0.5508387684822083,0.48368510603904724,0.5144731998443604,0.5388474017381668,0.5669736117124557,0.7030517160892487,0.6131414473056793,1,1,1,1,1,0,1,1,1,1
2017-12-22,1.2358684539794922,1.3007854223251343,1.3999910354614258,1.0497828423976898,1.2770663499832153,1.4377545714378357,1.4536827206611633,1.0472241044044495,1.253042221069336,1.2653177976608276,0.3707202225923538,0.37975282222032547,0.51140496134758,0.5312917828559875,0.4696854203939438,0.48121999204158783,0.549431249499321,0.564693957567215,0.7240695953369141,0.5894753336906433,1,1,1,1,1,0,1,1,1,1
2017-12-26,1.235433042049408,1.3186659812927246,1.4072582721710205,1.0557026863098145,1.2805338501930237,1.4400806427001953,1.4580308198928833,1.069081723690033,1.2571508288383484,1.283340573310852,0.3659259080886841,0.3421704173088074,0.43312467634677887,0.49307486414909363,0.4602683484554291,0.49839411675930023,0.4989856034517288,0.5112171322107315,0.6577992737293243,0.5604405403137207,1,1,1,1,1,0,1,1,1,1
2017-12-27,1.221894085407257,1.2754591703414917,1.3780919909477234,1.017015963792801,1.2454756498336792,1.4558634161949158,1.4187350273132324,1.0227912068367004,1.2426970601081848,1.2354040741920471,0.37197189033031464,0.3494865223765373,0.4818302094936371,0.5537354648113251,0.4760812968015671,0.5197222232818604,0.5604708641767502,0.5685262084007263,0.6941136717796326,0.5908139795064926,1,1,1,1,1,0,1,1,1,1
2017-12-28,1.1955535411834717,1.2891095280647278,1.3689966201782227,1.022678256034851,1.2367666363716125,1.4214277267456055,1.4316875338554382,1.0263161361217499,1.234568476676941,1.236255705356598,0.3855787217617035,0.36730868369340897,0.48380616307258606,0.5546737611293793,0.48595094680786133,0.5106125622987747,0.5552818477153778,0.5701783299446106,0.700313150882721,0.6186248958110809,1,1,1,1,1,0,1,1,1,1
2017-12-29,1.2306455373764038,1.3178260922431946,1.4053338766098022,1.051373928785324,1.2776353359222412,1.4295782446861267,1.45974200963974,1.0563034415245056,1.270810604095459,1.2713311910629272,0.3909894824028015,0.3402230367064476,0.50779590010643,0.5502291917800903,0.4759526550769806,0.513018473982811,0.5553581267595291,0.5616834908723831,0.70359006524086,0.602470189332962,1,1,1,1,1,0,1,1,1,1
2018-01-02,1.2069438099861145,1.2934033274650574,1.3729370832443237,1.037550687789917,1.2496722340583801,1.4237816333770752,1.4375757575035095,1.035445511341095,1.2455854415893555,1.2446213960647583,0.41335517168045044,0.37125129997730255,0.5291116237640381,0.5689369440078735,0.507493406534195,0.5200597196817398,0.5688173472881317,0.5798601061105728,0.7512660026550293,0.6430556774139404,1,1,1,1,1,0,1,1,1,1
2018-01-03,1.2221062183380127,1.3055949211120605,1.3778551816940308,1.03551185131073,1.2535647749900818,1.4076838493347168,1.4344540238380432,1.0395396649837494,1.248967170715332,1.2493479251861572,0.407113641500473,0.35021768510341644,0.5178789645433426,0.5520360469818115,0.4986941069364548,0.5717091709375381,0.598034143447876,0.5542236417531967,0.7680398523807526,0.627623587846756,1,1,1,1,1,0,1,1,1,1
2018-01-04,1.2070452570915222,1.2984014749526978,1.3780139684677124,1.031084954738617,1.253566563129425,1.4140244126319885,1.4433688521385193,1.023721069097519,1.2395035028457642,1.2472746968269348,0.3885612189769745,0.35471826046705246,0.4914671331644058,0.5626791715621948,0.4750123918056488,0.5057273060083389,0.5498714298009872,0.5913371294736862,0.7006698846817017,0.609187513589859,1,1,1,1,1,0,1,1,1,1
2018-01-05,1.1751220226287842,1.2482835054397583,1.3414672017097473,0.9866507649421692,1.213504135608673,1.4177234768867493,1.3987602591514587,1.0093416273593903,1.2237161993980408,1.2187493741512299,0.407563716173172,0.3740492984652519,0.5398073941469193,0.6064216494560242,0.5107182711362839,0.5410538613796234,0.6223786473274231,0.6200286448001862,0.7688665688037872,0.6542838513851166,1,1,1,1,1,0,1,1,1,1
2018-01-08,1.1927466988563538,1.2653217911720276,1.3558135628700256,0.9881141185760498,1.2278797626495361,1.390615463256836,1.4036640524864197,1.0165736079216003,1.2281903624534607,1.2310653924942017,0.41542860865592957,0.38171639293432236,0.5411431789398193,0.604062557220459,0.5118525624275208,0.5326618999242783,0.6182948350906372,0.6219168156385422,0.7586523294448853,0.6476473212242126,1,1,1,1,1,0,1,1,1,1
2018-01-09,1.191914141178131,1.2841491103172302,1.3747798800468445,1.0333127975463867,1.249652922153473,1.4147781729698181,1.4361532330513,1.017963469028473,1.2136822938919067,1.2360489964485168,0.40963272750377655,0.39793601632118225,0.533649355173111,0.5767512023448944,0.515153095126152,0.5481677204370499,0.5718018114566803,0.6103468835353851,0.7683649659156799,0.6448591947555542,1,1,1,1,1,0,1,1,1,1
2018-01-10,1.1960267126560211,1.2648918628692627,1.3556392192840576,0.9968364834785461,1.2301855683326721,1.4358540177345276,1.4076551795005798,1.0161962807178497,1.2438491582870483,1.218726396560669,0.4352554827928543,0.384604774415493,0.5784605592489243,0.6252214908599854,0.5171322822570801,0.56190524995327,0.6436866223812103,0.6507783979177475,0.7719883620738983,0.6703810691833496,1,1,1,1,1,0,1,1,1,1
2018-01-11,1.2022252678871155,1.3126047253608704,1.3979928493499756,1.0602740347385406,1.2620174884796143,1.432066023349762,1.459263801574707,1.0590608716011047,1.2385827004909515,1.2576570212841034,0.4350774884223938,0.40381307899951935,0.53824183344841,0.598776638507843,0.5266531407833099,0.5230924040079117,0.5998898148536682,0.591679260134697,0.7540607154369354,0.663555383682251,1,1,1,1,1,0,1,1,1,1
2018-01-12,1.1970131397247314,1.2776699662208557,1.3699375987052917,1.0091964304447174,1.2297353744506836,1.4076183438301086,1.4238035082817078,1.0256769359111786,1.2225269377231598,1.2206332087516785,0.4766596853733063,0.4211319759488106,0.601417064666748,0.6449793875217438,0.5546298921108246,0.5517700612545013,0.665324866771698,0.6416186392307281,0.8759393095970154,0.7291755974292755,1,1,1,1,1,0,1,1,1,1
2018-01-16,1.2025909125804901,1.288307011127472,1.3733077645301819,1.021318256855011,1.2369522452354431,1.4241498112678528,1.4371471405029297,1.0361795723438263,1.2245756387710571,1.2380930185317993,0.44368934631347656,0.40359802544116974,0.5596234500408173,0.5922490656375885,0.5389284640550613,0.5514358729124069,0.6048410832881927,0.6160973459482193,0.7867389917373657,0.6849938035011292,1,1,1,1,1,0,1,1,1,1
2018-01-17,1.1852901577949524,1.2944014072418213,1.3751290440559387,1.0434565246105194,1.231106162071228,1.37362802028656,1.430812120437622,1.0315762758255005,1.2151864767074585,1.234598070383072,0.4653135985136032,0.41628964245319366,0.6136637330055237,0.6161179542541504,0.5690230280160904,0.6015757769346237,0.6408976912498474,0.6196576207876205,0.8188790678977966,0.6856342852115631,1,1,1,1,1,0,1,1,1,1
2018-01-18,1.1818574368953705,1.239216148853302,1.3518378734588623,0.9951950013637543,1.2265575528144836,1.4451196193695068,1.4103108644485474,1.0035768449306488,1.2175177037715912,1.2014951407909393,0.46091650426387787,0.4404262974858284,0.6132244169712067,0.6404335200786591,0.5603049546480179,0.558980256319046,0.6447719037532806,0.630670428276062,0.8050044775009155,0.722257673740387,1,1,1,1,1,0,1,1,1,1
2018-01-19,1.2147331535816193,1.320024013519287,1.397417962551117,1.0449148118495941,1.2694746851921082,1.4101080298423767,1.4536004066467285,1.056435763835907,1.2381019294261932,1.2602214217185974,0.49291498959064484,0.4095269441604614,0.6080117076635361,0.6447745561599731,0.5442111194133759,0.5653705447912216,0.6850809454917908,0.6401448398828506,0.8695111870765686,0.7189540565013885,1,1,1,1,1,0,1,1,1,1
2018-01-22,1.1894603073596954,1.2496594786643982,1.3541628122329712,1.0015239119529724,1.2206010818481445,1.3964163064956665,1.4054683446884155,1.0007328391075134,1.1876923739910126,1.2132399082183838,0.4736701101064682,0.4616353437304497,0.6257286667823792,0.6547448933124542,0.5884238928556442,0.5833078920841217,0.6585981249809265,0.7074965238571167,0.8276004791259766,0.7386797070503235,1,1,1,1,1,0,1,1,1,1
2018-01-23,1.2127492725849152,1.3045699000358582,1.3940138816833496,1.0428195893764496,1.2619333863258362,1.4145376682281494,1.458930790424347,1.05066779255867,1.2454998195171356,1.257099837064743,0.453487366437912,0.39737607538700104,0.5930434763431549,0.6167005896568298,0.5424671024084091,0.5744464099407196,0.631167858839035,0.6262269467115402,0.7955016195774078,0.6786944568157196,1,1,1,1,1,0,1,1,1,1
2018-01-24,1.1994230449199677,1.272247850894928,1.3750703930854797,1.0095661282539368,1.2407628893852234,1.4051975011825562,1.4239571690559387,1.0195139646530151,1.228296160697937,1.2305545210838318,0.4601096957921982,0.4198795482516289,0.5714332014322281,0.6340308487415314,0.5368724316358566,0.55804044008255,0.6526795625686646,0.6526785641908646,0.8070207834243774,0.7104846239089966,1,1,1,1,1,0,1,1,1,1
2018-01-25,1.1846411526203156,1.269805133342743,1.3555496335029602,1.0302181839942932,1.229969322681427,1.3841980695724487,1.4172856211662292,1.020038902759552,1.1978674232959747,1.2236683666706085,0.5178595930337906,0.4930320084095001,0.6834561079740524,0.6859077513217926,0.6248746812343597,0.6367749869823456,0.7631610929965973,0.7332173585891724,0.9177792370319366,0.763413280248642,1,1,1,1,1,0,1,1,1,1
2018-01-26,1.2197380363941193,1.2985652685165405,1.3966312408447266,1.0273687541484833,1.257592797279358,1.3958613276481628,1.4509499669075012,1.0559715926647186,1.2309455275535583,1.2636427879333496,0.49290038645267487,0.42701994627714157,0.6044264435768127,0.6482327878475189,0.5789482891559601,0.5863775312900543,0.6848157644271851,0.6284442245960236,0.888043612241745,0.7383922636508942,1,1,1,1,1,0,1,1,1,1
2018-01-29,1.1959988176822662,1.2575560808181763,1.3513288497924805,0.9824327230453491,1.2227113842964172,1.426937758922577,1.4065385460853577,1.0093894004821777,1.2230286002159119,1.218936413526535,0.4888411909341812,0.44219815731048584,0.6687995344400406,0.7350797951221466,0.5962924510240555,0.667803943157196,0.7756922543048859,0.7518089413642883,0.8537901341915131,0.760161429643631,1,1,1,1,1,0,1,1,1,1
2018-01-30,1.1716875433921814,1.2655789256095886,1.3581352829933167,0.9960202276706696,1.2254032492637634,1.4141802787780762,1.4221453070640564,1.001297414302826,1.209097981452942,1.2142059206962585,0.49107544124126434,0.44846161454916,0.6279496848583221,0.6748606562614441,0.5747969001531601,0.6050364971160889,0.7058306634426117,0.70492023229599,0.8542484641075134,0.71208655834198,1,1,1,1,1,0,1,1,1,1
2018-01-31,1.2047899067401886,1.2828611731529236,1.3817201852798462,1.0107618272304535,1.2490860223770142,1.4073161482810974,1.4355382323265076,1.0309796631336212,1.2284535765647888,1.239196628332138,0.5177059173583984,0.42223966121673584,0.6250707805156708,0.7029139399528503,0.5910938531160355,0.6107327044010162,0.7026417553424835,0.6771219372749329,0.8947586715221405,0.7803199887275696,1,1,1,1,1,0,1,1,1,1
2018-02-01,1.1747612655162811,1.2517106533050537,1.3585893511772156,0.9813295900821686,1.2184720635414124,1.4456655979156494,1.4251046776771545,1.0007025003433228,1.2200425267219543,1.2124973833560944,0.516934335231781,0.4670887887477875,0.6647322177886963,0.7378306686878204,0.6126684248447418,0.6458400040864944,0.6964727342128754,0.707507386803627,0.8705201745033264,0.771479070186615,1,1,1,1,1,0,1,1,1,1
2018-02-02,1.1973053812980652,1.282288670539856,1.376757025718689,1.0178824961185455,1.2493200898170471,1.4208692908287048,1.4493666887283325,1.030496746301651,1.2152353525161743,1.240565448999405,0.5465135872364044,0.4656698405742645,0.6715815514326096,0.7172523736953735,0.6169318705797195,0.6118752211332321,0.7204907834529877,0.7156439572572708,0.9256879091262817,0.7838183641433716,1,1,1,1,1,0,1,1,1,1
2018-02-05,1.1959624290466309,1.2827866673469543,1.3791868686676025,1.0227126479148865,1.2536149621009827,1.3640601634979248,1.431958019733429,1.0265632271766663,1.2040822803974152,1.2277143001556396,0.5646042227745056,0.477131649851799,0.6708510369062424,0.6746625304222107,0.6063258796930313,0.6295599341392517,0.7734943926334381,0.6941453218460083,0.989646852016449,0.800232470035553,1,1,1,1,1,0,1,1,1,1
2018-02-06,1.183491438627243,1.2656570076942444,1.367941975593567,0.9869248270988464,1.2350578904151917,1.3961190581321716,1.4343140721321106,0.9936046600341797,1.2240948379039764,1.220093309879303,0.5052485764026642,0.449546679854393,0.6599837243556976,0.7277642786502838,0.5768561959266663,0.6327144354581833,0.7140165865421295,0.7317034006118774,0.8763532936573029,0.763431966304779,1,1,1,1,1,0,1,1,1,1
2018-02-07,1.2104126513004303,1.28049898147583,1.3908222913742065,0.993355005979538,1.2527098655700684,1.3770297169685364,1.4339770078659058,1.0278904736042023,1.2263958752155304,1.23344087600708,0.5551958084106445,0.4323810636997223,0.6761514395475388,0.7173627316951752,0.6037066876888275,0.672466591000557,0.7598832845687866,0.721030980348587,0.8904418051242828,0.7815766334533691,1,1,1,1,1,0,1,1,1,1
