date,0,1,2,3,4,5,6,7,8,9
2017/3/3,1000000,1000000,1000000,1000000,1000000,1000000,1000000,1000000,1000000,1000000
2017/3/6,997504.304,997500.215,997195.9405,997347.659,997136.1223,996069.8081,995337.0588,997683.1182,997604.528,995938.9708
2017/3/7,996716.0939,995635.0802,996613.9749,995741.7537,996366.7354,994755.2197,994769.0604,995735.8719,996818.8499,994460.9744
2017/3/8,995114.6621,996429.9042,997416.9151,996646.5436,996364.7615,994650.9609,995550.2072,996446.136,994805.8108,993671.966
2017/3/9,998107.533,999433.5002,1001484.977,999640.3232,999679.4249,997824.2883,998590.1559,999706.9563,997991.8988,997891.0117
2017/3/10,1000885.893,1002645.014,1004420.314,1002387.68,1002070.865,1001706.384,1001797.112,1002438.504,1001658.217,1000832.015
2017/3/13,1000436.9,1002190.718,1003268.387,1001500.923,1001103.083,1000455.897,1000458.119,1001260.242,1000363.234,999254.138
2017/3/14,996835.4507,998236.8958,999695.365,998279.9087,997153.5518,997159.4421,996846.5803,997516.5024,996594.4693,995233.1879
2017/3/15,1001532.652,1002863.699,1004530.964,1002980.618,1001723.743,1002278.45,1001790.298,1002239.708,1001198.478,999068.3045
2017/3/16,1002991.766,1004803.731,1006543.873,1004713.811,1003705.85,1004286.846,1003510.244,1003886.841,1002981.009,1000762.569
2017/3/17,1005138.701,1006844.305,1008286.578,1006705.635,1005744.196,1006628.028,1006198.27,1005942.499,1005017.882,1002864.842
2017/3/20,1005947.938,1007655.496,1009098.931,1007516.714,1006554.5,1007022.029,1007008.941,1007048.404,1005827.601,1003707.775
2017/3/21,991272.6804,993630.0068,994347.5953,994065.5301,991840.36,992394.4774,992288.1574,992625.7197,992434.0653,988333.1538
2017/3/22,995464.6613,996265.9256,998550.0168,997573.5365,996192.2521,998297.8002,995781.1016,995157.9916,997166.4286,992712.372
2017/3/23,992596.7317,993815.0084,995856.2014,994528.8843,993353.615,995411.2693,993257.2524,993005.2671,994474.8613,989991.4708
2017/3/24,992062.1111,994193.0498,996335.4457,994489.6372,993539.0651,995716.5172,993160.5346,992911.3949,994608.5085,990175.3554
2017/3/27,990743.4815,992749.3033,995744.0879,993874.3666,992642.6454,994264.0154,992395.7268,991851.3888,993505.2834,988967.164
2017/3/28,1000310.204,1003561.322,1005554.31,1002765.202,1001559.375,1004457.879,1002801.507,1002103.778,1003704.821,997022.1095
2017/3/29,997096.9044,1000097.835,1002198.244,999034.1638,997838.6247,1001032.815,999578.8634,998220.046,1000695.318,994420.0221
2017/3/30,1000889.63,1005204.339,1007172.894,1003583.094,1001106.821,1004247.967,1004080.226,1000849.3,1003906.711,998208.5061
2017/3/31,998625.4423,1002579.844,1004778.021,1000727.828,998404.0452,1002044.518,1001571.68,997867.5729,1002240.46,995045.4856
2017/4/3,991850.8429,996296.8066,997628.515,993455.6378,991551.9655,994946.8215,995305.465,991445.6323,995654.9112,988098.4021
2017/4/4,991974.3222,994905.8895,997442.3032,992646.0099,990798.9532,993407.9129,993855.5693,989659.6122,993605.4607,987376.2054
2017/4/5,988923.0249,992417.5438,995062.5205,989937.1482,988561.8218,990750.4475,990987.0492,987069.291,990625.5575,984854.6656
2017/4/6,994351.3224,998064.2447,999789.4287,995587.9672,993651.0159,995702.197,996376.2288,992337.4983,994979.8326,990562.5795
2017/4/7,991866.87,995312.6484,997152.4509,992801.5205,991236.694,993436.3008,994023.8997,990006.1286,992491.5872,988252.3031
2017/4/10,990945.7953,994503.1178,996416.9422,992589.0996,989256.7955,991894.2801,993309.1437,989990.7949,992472.7414,988006.433
2017/4/11,992066.1144,995513.7905,996816.8418,992990.0912,990305.5041,993119.6008,993812.9487,990416.1723,992839.9377,988389.0063
2017/4/12,985883.5122,988124.4093,989159.6541,986984.7395,984621.2675,987388.3294,986413.9071,983149.6527,987268.4549,981352.0596
2017/4/13,983131.6966,985328.4353,986243.2027,983423.2855,980484.4453,981795.869,981969.5729,979952.0764,983889.3382,977754.8913
2017/4/17,991304.4485,992733.8497,994532.7864,990600.852,988393.3811,988356.814,988185.5868,987128.0943,990128.9962,984368.2291
2017/4/18,988437.1866,990542.8123,992275.2357,988681.9601,985539.7268,985702.7654,985652.2896,984620.0814,987253.5814,982684.9111
2017/4/19,991271.7181,992257.7299,995076.6243,990439.1426,988676.4377,987514.4515,987605.5717,986549.1809,988760.6224,985627.0683
2017/4/20,1000458.182,1001118.277,1003012.537,1000468.995,998328.8347,997604.7933,997789.1847,995092.0481,997942.5068,994837.6239
2017/4/21,999460.7157,999846.7021,1000832.472,998907.3548,995800.7348,995397.5836,996249.6982,994164.5705,995741.6931,993536.2148
2017/4/24,1015174.987,1016354.174,1019547.349,1016562.571,1014246.724,1014798.954,1014197.484,1012694.359,1012371.053,1009775.304
2017/4/25,1016078.697,1016352.8,1020128.075,1015850.762,1013887.553,1013654.651,1013719.785,1012886.534,1012806.382,1010100.567
2017/4/26,1018528.14,1019036.751,1022914.031,1020265.942,1016638.55,1017366.303,1018143.438,1016771.812,1015272.305,1012875.087
2017/4/27,1025109.826,1026083.162,1034561.886,1028077.189,1023286.349,1024158.17,1028940.282,1020402.887,1027460.25,1019352.498
2017/4/28,1020114.368,1020794.092,1027501.995,1021949.358,1018702.884,1017943.631,1024167.767,1015283.426,1022431.528,1016010.499
2017/5/1,1020125.723,1022013.288,1026836.943,1022568.321,1017896.261,1017408.799,1023831.021,1015999.769,1023374.073,1016022.419
2017/5/2,1017365.212,1019717.032,1024175.714,1019771.994,1016090.868,1014551.904,1021651.85,1012545.575,1020585.383,1013790.602
2017/5/3,1019837.309,1021773.041,1025368.572,1022018.828,1016102.238,1015834.863,1023091.743,1014852.235,1021724.78,1014919.28
2017/5/4,1034434.464,1037030.393,1041088.494,1037891.541,1029770.592,1032873.311,1038970.537,1027742.28,1034687.535,1029838.544
2017/5/5,1041721.161,1044582.329,1049110.237,1046124.352,1036041.425,1040352.781,1047211.908,1035395.708,1041122.176,1036640.427
2017/5/8,1041825.929,1045845.653,1049065.202,1046411.149,1035095.142,1039932.288,1047954.503,1035751.787,1041077.484,1038282.552
2017/5/9,1036324.565,1040398.37,1043731.064,1040583.106,1029637.305,1033886.954,1042469.243,1031039.517,1035113.826,1032092.132
2017/5/10,1034384.2,1040405.68,1042845.652,1039566.089,1028335.572,1032564.522,1041133.478,1030055.124,1034858.023,1031210.934
2017/5/11,1034077.57,1040113.202,1042916.248,1039435.111,1028196.599,1033162.736,1041486.308,1029940.054,1034828.133,1030808.332
2017/5/12,1030857.851,1036700.637,1038840.801,1036079.52,1024861.949,1030050.484,1038120.832,1026630.433,1031881.389,1027648.876
2017/5/15,1039944.755,1045185.153,1048054.791,1044632.85,1033308.302,1038688.318,1046203.596,1035205.563,1040469.983,1034204.554
2017/5/16,1039583.445,1044759.958,1047980.346,1043665.171,1032571.921,1038155.009,1047241.549,1034477.03,1040178.437,1033905.777
2017/5/17,1025380.36,1033126.94,1032002.202,1031983.315,1020932.162,1024429.448,1034761.554,1017973.132,1029084.49,1020308.89
2017/5/18,1030933.354,1038612.426,1036671.251,1037026.935,1027006.38,1028655.453,1041107.828,1023594.904,1034566.401,1025693.842
2017/5/19,1037206.793,1044279.369,1042234.386,1040512.275,1032249.294,1035118.891,1045844.198,1029407.641,1040106.689,1031976.342
2017/5/22,1043785.515,1051101.64,1048639.708,1047251.233,1038584.243,1042712.784,1052109.656,1036074.235,1046673.474,1038668.898
2017/5/23,1045914.915,1054518.078,1049356.192,1051376.7,1042491.007,1044527.946,1055143.146,1039875.879,1046759.892,1045580.409
2017/5/24,1050563.167,1059322.842,1054065.568,1056145.892,1047051.458,1049211.61,1059841.325,1044597.293,1051764.354,1050384.482
2017/5/25,1053606.428,1062711.474,1057963.285,1059535.423,1050517.323,1051412.07,1063655.403,1049036.088,1053638.549,1053444.124
2017/5/26,1051068.144,1059989.034,1054672.619,1057215.955,1048235.926,1048660.178,1062074.634,1046565.838,1051342.144,1050445.905
2017/5/30,1051589.157,1059825.036,1055589.761,1057363.483,1048711.762,1048442.614,1061508.425,1046271.358,1052363.11,1051073.31
2017/5/31,1056584.895,1064517.804,1060416.775,1062001.958,1053617.332,1053109.304,1067441.36,1051397.353,1057375.035,1056780.008
2017/6/1,1064275.252,1072180.971,1068711.184,1071173.496,1061338.604,1059886.749,1075003.841,1060089.298,1066116.398,1064940.049
2017/6/2,1065345.859,1073633.389,1068970.472,1071476.477,1062327.096,1060561.328,1074072.427,1060000.958,1066035.274,1065051.682
2017/6/5,1063469.864,1073311.945,1067945.047,1070319.073,1060943.002,1059145.346,1071920.656,1058583.608,1064546.383,1064332.274
2017/6/6,1063010.264,1073223.229,1067844.46,1070207.529,1061121.232,1058826.984,1073025.107,1059225.4,1063999.85,1064116.95
2017/6/7,1066975.237,1076127.592,1071303.693,1074012.299,1064731.181,1062575.477,1076652.002,1063180.756,1066715.775,1068090.572
2017/6/8,1064428.321,1076638.396,1069704.276,1071613.312,1063076.932,1060365.436,1075622.497,1061770.565,1064823.231,1065962.458
2017/6/9,1062967.516,1072759.879,1069098.902,1070838.081,1060134.979,1058618.248,1073352.242,1059604.845,1062648.244,1064301.06
2017/6/12,1059348.932,1067667.557,1065590.99,1065965.155,1053816.704,1052801.875,1068687.221,1055763.944,1056855.874,1060178.736
2017/6/13,1062350.014,1070520.959,1068393.382,1068763.017,1057043.947,1055945.02,1071867.949,1058880.543,1060944.757,1062962.27
2017/6/14,1064571.938,1072356.602,1069113.622,1069719.526,1057756.536,1057650.741,1073006.613,1060067.648,1061737.064,1064513.664
2017/6/15,1064807.202,1073803.016,1070388.271,1069534.88,1059510.183,1057178.226,1072896.839,1060050.352,1061332.882,1065966.075
2017/6/16,1071830.041,1081491.859,1077579.383,1077100.72,1064900.445,1063663.626,1080848.608,1068179.767,1067328.141,1073261.083
2017/6/19,1080547.048,1088905.941,1085863.01,1084870.946,1073077.737,1071455.224,1089191.072,1075436.301,1074365.958,1080934.407
2017/6/20,1074085.329,1083580.049,1079988.454,1078761.986,1066989.798,1066139.507,1083781.637,1069081.526,1068309.068,1074331.551
2017/6/21,1073872.995,1084055.028,1079432.753,1077404.944,1065193.043,1065211.668,1083500.101,1066269.057,1067180.23,1074443.2
2017/6/22,1076278.886,1085304.31,1080231.587,1079988.029,1065805.59,1067735.886,1084679.919,1068854.63,1069838.49,1076905.117
2017/6/23,1080643.216,1089280.336,1083104.174,1083899.237,1068822.232,1070850.719,1088973.956,1073123.33,1073371.084,1077896.741
2017/6/26,1085062.788,1094533.874,1088236.286,1089049.295,1074112.601,1075632.236,1093887.506,1077307.062,1077208.156,1083645.655
2017/6/27,1080054.197,1090136.443,1083704.448,1084505.478,1069696.04,1071846.647,1090020.562,1074438.754,1073315.617,1079895.789
2017/6/28,1087870.508,1097503.29,1091235.299,1092323.113,1077712.962,1079317.642,1097474.274,1081990.961,1080948.362,1088037.46
2017/6/29,1079056.694,1088988.767,1084871.168,1086398.466,1071791.558,1071031.943,1093908.691,1075210.725,1074520.575,1080191.645
2017/6/30,1079253.343,1088892.812,1085029.176,1088131.997,1071430.177,1071175.978,1093730.04,1074892.041,1074605.484,1080342.865
2017/7/3,1079407.292,1089801.652,1086979.888,1089621.21,1073289.554,1071997.019,1098131.987,1075275.192,1076299.537,1082430.647
2017/7/5,1076121.79,1088747.736,1083905.24,1085951.995,1072693.796,1070606.429,1096334.232,1072301.839,1074358.887,1081122.287
2017/7/6,1066823.672,1079965.432,1075566.21,1077756.466,1063852.807,1061835.837,1087693.591,1063966.836,1065683.427,1072334.976
2017/7/7,1077251.962,1091279.298,1086708.019,1088484.799,1074239.083,1072551.968,1099101.609,1074785.519,1076746.919,1083266.826
2017/7/10,1080096.403,1091941.163,1089265.972,1090067.703,1075291.105,1074850.339,1102155.041,1078244.092,1079023.718,1083798.314
2017/7/11,1080183.721,1092389.958,1089430.965,1091649.751,1075239.994,1074922.594,1102018.756,1079070.044,1080052.584,1084451.916
2017/7/12,1086507.488,1098931.241,1095769.637,1096918.061,1081090.571,1079738.82,1107282.714,1085248.748,1085119.38,1090945.009
2017/7/13,1089573.025,1101985.357,1098851.837,1100063.132,1084595.789,1082392.719,1110613.304,1088893.968,1088536.325,1095193.879
2017/7/14,1092781.601,1102619.269,1102567.16,1101866.657,1085867.295,1084338.647,1111239.39,1089453.815,1091088.463,1097511.251
2017/7/17,1091850.413,1101150.408,1100909.371,1100208.543,1083990.667,1083598.157,1110566.183,1089180.819,1089597.111,1097146.832
2017/7/18,1089666.213,1099253.63,1097815.554,1097174.087,1081384.495,1080711.89,1107540.442,1086199.508,1087322.641,1093810.02
2017/7/19,1092051.884,1100311.573,1099768.262,1098815.038,1083409.128,1082515.579,1109872.068,1087344.114,1089348.07,1096044.349
2017/7/20,1089961.516,1097369.899,1097137.505,1095995.276,1081910.788,1080921.668,1107837.408,1085003.704,1087411.312,1094109.34
2017/7/21,1094625.438,1101836.962,1101176.864,1101423.229,1086782.255,1083058.598,1113280.381,1087602.226,1093395.572,1099197.527
2017/7/24,1093652.757,1100779.486,1102729.931,1101442.073,1087834.652,1082223.964,1113880.405,1088350.62,1092427.625,1098577.876
2017/7/25,1090673.23,1098911.296,1100652.394,1098038.208,1084834.175,1079062.654,1111669.345,1085681.496,1090716.356,1096625.582
2017/7/26,1092498.255,1100169.314,1104569.382,1098401.929,1085148.064,1080115.889,1112755.696,1087548.979,1092463.526,1097589.439
2017/7/27,1084996.901,1091957.712,1097714.578,1092728.825,1075548.783,1066152.294,1106777.888,1081769.063,1085226.238,1085429.034
2017/7/28,1082307.739,1089275.384,1095554.145,1090075.742,1072937.412,1063352.056,1103869.167,1080408.659,1083506.932,1082654.085
2017/7/31,1082823.783,1091650.062,1095248.757,1090111.747,1075153.564,1065475.471,1105853.143,1080856.727,1083906.676,1083175.366
2017/8/1,1092927.999,1103670.48,1103052.487,1103250.183,1086823.311,1077814.835,1118624.219,1093339.128,1093083.412,1095507.864
2017/8/2,1091742.587,1102406.685,1101926.411,1102142.462,1084519.69,1076580.647,1118800.799,1093473.418,1089316.062,1094322.305
2017/8/3,1089574.259,1097880.624,1097606.016,1098677.023,1082072.38,1073287.434,1115373.287,1090350.371,1085983.892,1092300.798
2017/8/4,1094176.062,1101367.727,1101214.783,1102165.061,1085804.791,1076902.86,1119021.448,1093888.656,1089465.207,1095966.991
2017/8/7,1097127.21,1104219.816,1104184.915,1105136.785,1088211.421,1079888.493,1122039.607,1096433.87,1091872.037,1098336.749
2017/8/8,1085628.521,1092422.085,1093312.74,1092425.216,1075964.046,1067858.807,1110091.562,1084249.443,1080181.818,1086569.771
2017/8/9,1074116.256,1080952.211,1081932.937,1081117.054,1065480.866,1058728.014,1099914.727,1074796.284,1070033.172,1077924.115
2017/8/10,1060393.638,1066921.329,1069905.335,1067455.461,1051736.906,1045225.773,1084879.197,1061296.406,1055751.313,1063800.932
2017/8/11,1063418.465,1068195.172,1070925.67,1069708.913,1054019.441,1047527.049,1087725.596,1062703.436,1057225.971,1065743.876
2017/8/14,1072109.563,1075919.681,1077944.745,1076807.955,1061607.649,1055440.521,1096009.762,1069664.205,1065209.06,1074546.098
2017/8/15,1071097.449,1075897.831,1076642.821,1075770.592,1060600.361,1054263.71,1095178.72,1068458.784,1064434.538,1073971.961
2017/8/16,1071484.329,1076660.782,1077095.401,1076533.918,1061372.765,1055022.296,1095418.198,1068923.824,1064699.63,1074673.485
2017/8/17,1056812.384,1062177.033,1063623.381,1061888.426,1046897.072,1040722.895,1080515.798,1053364.966,1050775.3,1060022.4
2017/8/18,1052878.095,1058233.081,1060013.539,1057902.587,1043873.154,1037393.531,1076555.946,1049754.36,1046480.084,1056130.475
2017/8/21,1054927.847,1060012.453,1061113.515,1059721.024,1046414.351,1039145.902,1078499.238,1053075.563,1048336.937,1058075.297
2017/8/22,1063565.142,1068815.408,1069568.794,1068086.006,1054731.154,1047685.669,1087012.609,1061441.993,1056940.956,1066789.832
2017/8/23,1067369.835,1072126.128,1072999.556,1070239.74,1058275.645,1051175.983,1088482.433,1062815.932,1059930.481,1070212.2
2017/8/24,1070117.23,1075979.461,1078038.938,1074927.569,1062851.849,1056216.79,1093254.914,1067124.371,1063389.29,1075066.263
2017/8/25,1073442.099,1079460.738,1081814.662,1079480.24,1066780.674,1059991.843,1097032.195,1071499.232,1066829.96,1079063.831
2017/8/28,1076007.756,1081819.746,1082061.789,1079378.871,1069264.922,1062421.488,1098190.516,1073895.787,1068358.742,1081611.948
2017/8/29,1077291.346,1082719.163,1083139.705,1080387.327,1069222.833,1063479.839,1097409.449,1075183.855,1069385.49,1081267.861
2017/8/30,1079308.092,1083709.366,1085121.845,1082394.539,1070866.601,1064571.44,1099545.056,1077078.926,1070054.05,1083012.906
2017/8/31,1085431.898,1090822.664,1090811.775,1088773.126,1076889.104,1070153.612,1106241.568,1082974.079,1075802.695,1089745.651
2017/9/1,1087051.344,1092514.841,1091811.668,1090477.717,1078528.167,1072864.855,1107723.565,1086046.701,1077617.877,1090600.634
2017/9/5,1074140.619,1084106.648,1080378.935,1081303.764,1064375.059,1059799.413,1096018.997,1073164.559,1067556.652,1080197.969
2017/9/6,1076762.498,1086781.55,1083265.303,1083981.972,1067419.077,1062740.036,1098831.887,1076516.992,1071114.08,1082392.887
2017/9/7,1075165.37,1088925.442,1086418.695,1082172.195,1065230.924,1065730.944,1098811.19,1077313.442,1067818.361,1079937.571
2017/9/8,1077353.66,1092336.087,1088624.68,1085733.063,1067434.008,1068054.344,1102718.985,1081791.648,1070008.579,1083001.073
2017/9/11,1093044.46,1107009.84,1102192.41,1103329.043,1081778.186,1085259.094,1117571.292,1097368.578,1084334.778,1097450.503
2017/9/12,1095567.914,1111404.466,1106578.3,1105884.437,1086080.966,1089171.342,1122869.604,1101421.894,1088439.067,1101432.071
2017/9/13,1098954.273,1114640.93,1107875.946,1109044.982,1088664.723,1092064.386,1125804.759,1102842.13,1090440.142,1103589.633
2017/9/14,1095207.601,1112404.291,1104885.131,1106790.484,1086146.22,1089844.407,1122718.256,1100042.646,1088223.466,1101417.66
2017/9/15,1095611.2,1113922.885,1105831.234,1108969.757,1087763.643,1091543.861,1123686.284,1101016.88,1091288.986,1102367.322
2017/9/18,1098704.582,1117511.564,1108229.07,1112631.714,1090208.92,1093712.853,1125755.02,1102798.66,1094620.054,1104798.74
2017/9/19,1096855.921,1115937.139,1106667.987,1110450.254,1087780.806,1091689.705,1123615.956,1101226.356,1092923.353,1103242.49
2017/9/20,1102343.899,1121644.713,1113052.438,1114961.632,1093501.268,1096302.937,1128925.296,1106546.028,1098469.631,1108720.447
2017/9/21,1098535.843,1117082.86,1108799.428,1108937.251,1089062.945,1092037.905,1125363.084,1102206.918,1093849.051,1104453.931
2017/9/22,1103087.294,1118596.048,1111828.427,1112870.315,1092664.34,1095033.253,1129102.343,1105249.747,1097449.421,1108368.139
2017/9/25,1102124.36,1117323.917,1110277.589,1111787.624,1091601.947,1093935.626,1127276.933,1104185.599,1096195.696,1106512.8
2017/9/26,1098705.481,1115053.028,1108898.423,1109369.584,1089459.973,1090375.374,1124985.077,1100552.299,1094044.466,1105139.364
2017/9/27,1102406.913,1118943.834,1113547.858,1112681.825,1092743.609,1093493.297,1128591.687,1104651.973,1097310.951,1108457.949
2017/9/28,1105125.657,1119349.699,1114149.905,1114477.354,1093113.279,1093875.318,1127955.607,1104912.374,1097722.237,1108237.341
2017/9/29,1110132.437,1123093.074,1117272.883,1117601.251,1097313.096,1099585.265,1133065.818,1107899.394,1101580.662,1111343.746
2017/10/2,1105593.368,1117721.991,1111178.254,1111996.087,1090526.596,1091222.323,1127088.671,1100935.113,1094587.846,1104797.923
2017/10/3,1104235.221,1115418.77,1109899.006,1109148.12,1089742.751,1089867.713,1124789.134,1099755.478,1093315.515,1104347.434
2017/10/4,1106145.708,1118383.287,1114755.058,1114211.177,1093673.391,1093789.247,1128840.845,1103677.788,1097180.121,1108334.673
2017/10/5,1116015.636,1128259.835,1124439.121,1123988.367,1104120.429,1103545.481,1139290.31,1112874.364,1108068.173,1118046.327
2017/10/6,1117994.607,1131052.499,1126697.896,1125394.211,1106925.604,1106109.611,1141519.168,1115140.945,1110376.494,1120707.629
2017/10/9,1115176.527,1128682.793,1124011.063,1122716.135,1104242.296,1102699.631,1139715.85,1112672.522,1107980.791,1118229.922
2017/10/10,1117026.419,1130507.91,1125532.18,1124685.524,1105638.783,1104487.541,1140818.724,1114438.62,1109349.207,1120147.478
2017/10/11,1117440.624,1130755.885,1125754.756,1124895.894,1105910.522,1104722.702,1141160.272,1114608.167,1108895.29,1119554.244
2017/10/12,1123894.716,1139320.309,1132101.776,1131562.496,1111541.828,1111313.347,1148010.081,1119943.016,1113221.578,1126081.124
2017/10/13,1125618.254,1141687.293,1134900.938,1132995.441,1112456.981,1113070.278,1152126.737,1122375.223,1115703.009,1128454.588
2017/10/16,1131974.61,1148241.142,1140694.442,1139155.651,1118704.801,1119676.168,1158919.434,1128422.315,1121822.216,1134770.42
2017/10/17,1125165.058,1140881.805,1133628.629,1132519.067,1111865.583,1112866.115,1155175.993,1122195.998,1114582.271,1128512.422
2017/10/18,1124663.823,1140378.764,1133260.683,1132199.166,1110066.277,1112688.625,1154666.648,1122250.945,1113066.151,1128256.82
2017/10/19,1131079.634,1147064.138,1139841.598,1140440.727,1116606.859,1119194.612,1161011.399,1128721.357,1119184.59,1134361.851
2017/10/20,1137890.025,1153886.622,1147183.046,1148091.549,1123381.7,1126049.643,1168034.448,1135438.113,1126151.497,1141437.777
2017/10/23,1131898.801,1147462.418,1140519.336,1141669.29,1116856.247,1119763.263,1161755.774,1129702.978,1120170.237,1134869.166
2017/10/24,1132341.142,1147437.746,1140965.046,1141645.573,1116471.009,1120156.953,1160919.159,1128748.041,1120478.706,1134606.724
2017/10/25,1123777.512,1138873.233,1132830.944,1132990.598,1108573.092,1112815.594,1153417.752,1120419.702,1112482.926,1125675.645
2017/10/26,1122658.194,1137198.656,1131093.348,1125180.003,1099895.942,1105379.241,1144980.886,1111679.024,1109513.963,1123667.995
2017/10/27,1129114.155,1142045.214,1136452.602,1130057.345,1107505.129,1110539.642,1150155.363,1117083.967,1114280.161,1131314.369
2017/10/30,1124671.23,1137657.705,1130890.435,1125291.7,1102849.576,1107014.634,1144626.946,1112253.772,1109531.381,1127810.386
2017/10/31,1127084.524,1139495.781,1135024.817,1129455.319,1106870.045,1111299.071,1148877.463,1116575.787,1113666.707,1132149.714
2017/11/1,1123719.978,1131928.616,1131097.321,1124705.711,1103603.688,1107881.43,1145309.18,1108849.272,1110044.023,1128719.987
2017/11/2,1134362.195,1142406.757,1137431.014,1132536.686,1114547.496,1119312.785,1155438.238,1119350.656,1121863.673,1138268.081
2017/11/3,1143077.995,1150103.233,1146945.736,1141550.094,1122911.328,1126687.49,1163493.419,1127281.655,1127968.235,1145936.675
2017/11/6,1146903.8,1154368.522,1151593.663,1146604.89,1127617.536,1130495.759,1168308.281,1132196.11,1131920.332,1150511.304
2017/11/7,1142121.215,1150747.124,1147911.118,1142940.884,1123215.685,1124242.507,1163559.389,1126988.314,1127160.211,1145738.692
2017/11/8,1151066.56,1158345.938,1154016.761,1149840.868,1130330.429,1131316.899,1171584.976,1132161.17,1134536.226,1152976.913
2017/11/9,1142776.894,1150314.018,1146528.077,1142738.842,1122192.583,1123633.164,1163825.12,1124236.521,1126146.423,1145463.16
2017/11/10,1142797.016,1149352.774,1145214.006,1142037.137,1121767.615,1123568.72,1163020.494,1122508.593,1125853.745,1143924.566
2017/11/13,1141572.755,1146590.951,1142937.461,1139320.23,1122304.535,1123505.976,1162924.769,1119750.883,1126205.9,1147291.237
2017/11/14,1144625.597,1146994.464,1145177.297,1140820.527,1123986.353,1124365.41,1163952.174,1121520.783,1127335.778,1148454.276
2017/11/15,1141789.223,1144358.7,1142041.101,1138261.907,1122026.511,1122404.906,1161284.026,1118896.178,1124581.779,1145415.32
2017/11/16,1148357.098,1148965.544,1146941.985,1143150.528,1129153.765,1129154.287,1166198.902,1123715.55,1130774.573,1152465.332
2017/11/17,1147921.703,1148687.338,1147049.303,1143055.261,1128799.363,1129079.373,1166112.031,1123669.028,1130770.888,1151841.643
2017/11/20,1151472.529,1153000.717,1150720.122,1147172.179,1132138.57,1131975.57,1169641.424,1126912.119,1133728.936,1155145.894
2017/11/21,1156069.343,1158437.023,1155949.621,1151821.765,1137313.385,1138052.951,1174468.451,1131945.664,1138898.176,1160215.664
2017/11/22,1152658.948,1155232.059,1152471.418,1148355.983,1133928.634,1134754.206,1171073.637,1128615.656,1135575.188,1157855.059
2017/11/24,1154807.876,1158108.881,1155198.882,1150592.194,1136535.891,1137241.572,1174361.669,1131784.478,1138284.222,1161105.977
2017/11/27,1158737.638,1160888.671,1156329.585,1152261.901,1138139.157,1139097.826,1175734.511,1134126.019,1142010.868,1164535.467
2017/11/28,1171113.732,1171151.476,1166622.522,1164718.618,1148264.812,1153516.066,1190498.493,1148374.884,1153869.723,1175283.148
2017/11/29,1171340.919,1171653.229,1167868.299,1167044.281,1147781.394,1154475.895,1191487.786,1150464.065,1154557.994,1177449.388
2017/11/30,1176400.053,1177743.742,1173954.761,1171670.535,1153710.051,1160492.561,1194790.322,1156459.824,1160496.025,1182409.745
2017/12/1,1167779.345,1170265.985,1166847.298,1165423.25,1148416.716,1154932.917,1188379.539,1150191.144,1154338.334,1176597.573
2017/12/4,1163111.906,1166005.178,1164616.045,1159723.704,1142954.962,1150436.361,1184843.834,1148701.62,1149688.781,1172992.235
2017/12/5,1157900.992,1162734.127,1158756.939,1155716.553,1138953.44,1145602.783,1180584.463,1144679.979,1144542.443,1169128.489
2017/12/6,1158217.47,1161044.382,1159415.07,1156202.208,1139092.836,1145844.739,1181267.453,1145096.698,1144923.966,1169489.671
2017/12/7,1158928.553,1161735.022,1160351.336,1155413.16,1138506.851,1147556.188,1180116.567,1146175.962,1146859.182,1170076.638
2017/12/8,1158602.722,1161565.913,1160838.525,1155480.521,1137955.876,1147821.889,1179783.559,1145677.09,1146886.277,1169932.875
2017/12/11,1152383.857,1156922.892,1156156.694,1149634.165,1132310.49,1143736.066,1175273.346,1140865.818,1142412.319,1165233.703
2017/12/12,1153078.403,1157511.164,1156761.875,1150068.407,1132544.761,1144669.226,1176653.395,1140951.63,1142722.348,1165798.275
2017/12/13,1152944.963,1157764.194,1154820.755,1151064.718,1130657.102,1141690.861,1174778.79,1139043.148,1140728.581,1166052.623
2017/12/14,1145527.372,1150301.164,1147480.311,1144385.429,1123610.527,1132708.959,1166483.843,1131802.56,1133039.297,1158549.318
2017/12/15,1155450.845,1161534.8,1156889.499,1154327.89,1135384.412,1144002.068,1176460.992,1142239.872,1143928.519,1170438.546
2017/12/18,1162642.649,1167735.253,1166528.238,1163754.794,1141920.784,1151811.67,1182424.334,1149763.135,1152976.007,1181165.251
2017/12/19,1163960.455,1170010.121,1167509.488,1169363.539,1142847.595,1158309.437,1183641.17,1156330.309,1155027.165,1187828.613
2017/12/20,1159264.3,1165756.845,1162619.19,1164617.462,1138480.873,1153746.413,1179046.796,1151823.833,1150711.781,1183252.696
2017/12/21,1155469.019,1161718.452,1158562.246,1160707.392,1134208.87,1149955.224,1174305.124,1147852.723,1146293.737,1179262.994
2017/12/22,1153984.48,1160484.787,1157110.71,1159548.525,1133039.797,1149111.843,1173102.064,1146258.726,1144896.56,1178379.687
2017/12/26,1153805.989,1160260.366,1156474.793,1158387.112,1132689.599,1149026.552,1172453.64,1145608.533,1143435.835,1177749.991
2017/12/27,1156070,1162510.96,1158722.747,1160211.943,1134773.421,1151065.54,1174599.905,1147312.67,1145146.329,1180213.397
2017/12/28,1160861.994,1167407.595,1163649.369,1165610.507,1138732.472,1156803.122,1178933.143,1151732.904,1149328.213,1184700.649
2017/12/29,1151926.983,1157788.524,1153792.286,1156629.044,1128822.145,1146941.193,1169499.021,1142452.723,1140741.164,1175533.756
2018/1/2,1158670.802,1162858.999,1157991.399,1157705.038,1129952.355,1152112.752,1171369.561,1144169.599,1145808.249,1179474.285
2018/1/3,1165458.539,1169823.605,1164568.248,1165107.824,1136935.573,1158935.923,1178242.133,1150176.751,1151383.623,1187186.539
2018/1/4,1176175.672,1179593.69,1175090.149,1174368.798,1146106.929,1166641.355,1187848.784,1159881.218,1161017.678,1195685.386
2018/1/5,1186103.323,1191638.726,1187713.567,1184886.084,1159959.755,1177365.457,1197881.323,1170190.325,1170178.464,1202844.593
2018/1/8,1192385.941,1197884.132,1194104.548,1189494.313,1165113.497,1182561.746,1203214.531,1175338.654,1176368.457,1208649.545
2018/1/9,1185508.767,1191417.555,1186814.185,1183543.039,1159373.432,1177001.378,1197415.427,1170283.674,1172426.084,1201742.946
2018/1/10,1173708.102,1178419.659,1175207.247,1172767.964,1147980.015,1166683.213,1185549.201,1159268.376,1162082.228,1188450.661
2018/1/11,1192246.846,1195035.942,1192136.472,1187150.371,1166675.377,1183894.132,1201944.544,1177008.908,1178027.636,1203578.26
2018/1/12,1205934.313,1208613.602,1205404.315,1200898.263,1180630.634,1195617.192,1213516.67,1189445.591,1192080.747,1216658.15
2018/1/16,1199944.612,1202250.621,1198641.666,1193976.029,1174492.753,1189764.238,1207453.61,1183135.048,1186714.855,1211351.424
2018/1/17,1199180.219,1204139.351,1199307.404,1194094.776,1173165.208,1189314.057,1207081.734,1183244.168,1189890.581,1211427.168
2018/1/18,1194962.794,1198488.997,1194606.192,1188965.229,1168384.303,1183666.881,1202038.733,1178543.138,1184983.991,1206216.193
2018/1/19,1201209.237,1204963.656,1200284.66,1194558.957,1173802.512,1190183.892,1208115.364,1183615.25,1191310.245,1210296.308
2018/1/22,1209941.499,1214529.721,1209958.273,1203356.087,1183733.46,1198848.54,1218553.159,1193886.278,1202095.156,1220352.531
2018/1/23,1213847.341,1218330.245,1215515.134,1206839.312,1188745.932,1202677.39,1222076.747,1197103.536,1207176.526,1226066.192
2018/1/24,1214364.453,1217755.246,1213732.517,1204327.071,1185971.269,1201706.235,1222437.742,1195913.653,1204188.583,1226527.568
2018/1/25,1216302.795,1214989.161,1212202.664,1205118.483,1183164.324,1203472.034,1222499.282,1195535.868,1202103.589,1222774.837
2018/1/26,1227198.61,1227974.303,1223343.153,1214885.005,1193020.663,1214445.694,1233185.536,1207588.578,1212364.283,1235260.862
2018/1/29,1221936.187,1223401.989,1219172.849,1210635.609,1187503.304,1209374.373,1228391.594,1202930.889,1208222.5,1229596.324
2018/1/30,1212375.41,1213291.771,1210005.145,1200920.215,1179025.808,1199016.143,1218507.632,1192515.399,1197321.326,1219593.849
2018/1/31,1215254.915,1216667.131,1213777.947,1203773.6,1178596.918,1203544.668,1223501.782,1192002.205,1200793.409,1223069.638
2018/2/1,1218641.034,1219877.247,1218124.35,1202474.479,1180967.377,1210220.99,1229316.543,1192839.431,1199977.766,1222789.651
2018/2/2,1207272.077,1206909.599,1204888.194,1191004.305,1164866.345,1192806.527,1215752.582,1182455.866,1189075.986,1210638.339
2018/2/5,1172085.45,1173051.782,1166114.026,1155575.059,1127275.145,1157151.217,1179809.884,1149857.86,1156591.562,1175366.45
2018/2/6,1169232.629,1167374.802,1162053.478,1151123.48,1121774.081,1152164.655,1177267.651,1146440.133,1152618.564,1170265.12
2018/2/7,1179152.65,1188175.489,1182218.417,1170324.803,1139455.717,1171565.207,1195590.021,1157269.046,1171520.283,1187248.634
